x,y,class
3.52,26.34,0.00
1.33,32.92,0.00
6.25,2.18,0.00
-0.11,-23.56,0.00
15.79,-9.28,0.00
-15.71,-1.92,0.00
10.85,16.61,0.00
22.97,-9.22,0.00
15.39,21.04,0.00
-14.10,-25.73,0.00
2.13,26.54,0.00
20.75,24.74,0.00
-1.39,20.44,0.00
-14.11,-32.82,0.00
5.37,-10.15,0.00
26.57,17.84,0.00
3.34,26.37,0.00
-2.38,-29.67,0.00
12.64,-12.89,0.00
3.12,20.02,0.00
-33.95,5.55,0.00
32.60,-17.92,0.00
7.26,-22.74,0.00
17.32,27.41,0.00
-15.04,-32.37,0.00
-4.70,-35.69,0.00
-14.91,4.02,0.00
12.46,-0.93,0.00
17.86,7.14,0.00
-14.09,-32.83,0.00
-14.68,-6.69,0.00
0.90,26.65,0.00
29.06,-22.95,0.00
-17.04,-23.74,0.00
17.55,27.25,0.00
8.60,-22.33,0.00
20.16,25.25,0.00
-31.85,-14.48,0.00
-4.71,-9.42,0.00
-16.24,29.29,0.00
36.95,-6.55,0.00
-15.16,29.83,0.00
-13.72,-18.36,0.00
-31.95,12.17,0.00
-12.85,-10.15,0.00
-15.53,22.47,0.00
3.64,-36.05,0.00
-5.89,-22.55,0.00
-9.56,-21.07,0.00
5.75,-16.65,0.00
-3.56,-10.04,0.00
23.51,21.96,0.00
-6.43,19.71,0.00
-19.92,-10.40,0.00
-28.29,-1.00,0.00
7.61,11.20,0.00
7.21,-29.21,0.00
15.78,-9.30,0.00
16.02,-25.84,0.00
13.39,29.68,0.00
-13.24,-9.56,0.00
5.40,25.94,0.00
16.25,28.10,0.00
5.32,25.96,0.00
9.84,8.96,0.00
-15.65,-24.75,0.00
28.52,14.24,0.00
-24.55,-15.11,0.00
23.38,-28.44,0.00
14.51,-26.65,0.00
0.54,-36.14,0.00
10.89,-14.25,0.00
11.99,-13.43,0.00
-34.48,1.57,0.00
14.93,21.40,0.00
18.65,3.95,0.00
14.59,-33.50,0.00
23.53,-7.88,0.00
-16.59,29.11,0.00
-2.13,32.98,0.00
-11.23,-34.00,0.00
29.49,-9.86,0.00
-16.66,29.07,0.00
23.78,-7.17,0.00
-18.48,-13.02,0.00
-3.94,-35.80,0.00
-3.60,26.60,0.00
31.52,-19.64,0.00
28.61,14.04,0.00
29.04,-11.00,0.00
-5.86,-15.88,0.00
25.61,-26.56,0.00
-16.60,21.74,0.00
9.79,-28.54,0.00
9.04,24.75,0.00
-19.76,8.66,0.00
0.53,-36.14,0.00
6.94,-29.27,0.00
-0.89,7.92,0.00
27.84,-13.55,0.00
15.17,-18.90,0.00
-19.92,-21.20,0.00
-9.74,-34.51,0.00
25.00,-1.79,0.00
3.60,-36.05,0.00
29.42,-10.04,0.00
-7.06,-7.41,0.00
15.65,-33.05,0.00
18.04,26.91,0.00
37.62,-1.58,0.00
17.18,8.85,0.00
10.68,-14.39,0.00
17.35,-32.25,0.00
14.98,28.85,0.00
-3.09,14.02,0.00
-19.03,27.68,0.00
-18.21,28.19,0.00
12.07,-34.41,0.00
6.63,32.11,0.00
1.37,-17.30,0.00
-2.99,-10.29,0.00
4.15,-10.58,0.00
6.27,-9.72,0.00
-21.72,2.61,0.00
-23.11,-26.84,0.00
-14.10,-25.74,0.00
-5.99,-29.03,0.00
-29.87,-18.46,0.00
1.30,-17.31,0.00
-14.38,-17.80,0.00
14.06,-26.87,0.00
32.99,-17.23,0.00
-0.92,-29.80,0.00
-4.33,-9.64,0.00
-33.93,5.61,0.00
-18.35,11.11,0.00
-34.46,1.74,0.00
19.50,16.96,0.00
-21.51,-28.22,0.00
-14.58,30.09,0.00
-3.90,-29.46,0.00
10.24,-14.67,0.00
2.28,13.79,0.00
-0.90,-17.20,0.00
12.14,4.40,0.00
-10.63,-12.73,0.00
-15.04,14.95,0.00
5.76,32.30,0.00
-1.74,-29.74,0.00
-9.11,-3.62,0.00
-7.99,12.35,0.00
32.30,-18.42,0.00
3.50,-29.76,0.00
-0.57,20.44,0.00
-22.01,-1.61,0.00
-12.73,30.86,0.00
4.97,19.55,0.00
11.54,-27.95,0.00
33.11,-17.01,0.00
-28.32,-20.89,0.00
-20.55,6.86,0.00
-28.26,-2.39,0.00
28.61,-11.99,0.00
-33.01,-11.28,0.00
18.57,-2.36,0.00
-4.41,-9.60,0.00
-6.47,13.08,0.00
-28.10,2.31,0.00
24.10,-19.09,0.00
3.96,-29.71,0.00
9.77,-21.90,0.00
36.92,-6.69,0.00
10.60,-28.28,0.00
22.26,12.75,0.00
-7.13,-28.73,0.00
-13.58,30.52,0.00
26.97,17.19,0.00
-20.10,-10.01,0.00
-3.38,13.97,0.00
24.53,6.58,0.00
30.57,-6.28,0.00
-5.43,19.96,0.00
-17.63,28.53,0.00
-3.55,13.94,0.00
-21.17,-7.04,0.00
-34.32,3.16,0.00
6.32,19.08,0.00
31.40,-0.33,0.00
-20.95,-20.10,0.00
13.08,-34.07,0.00
-20.53,-8.98,0.00
-3.06,14.02,0.00
-7.61,32.33,0.00
-26.61,20.99,0.00
3.17,-36.08,0.00
17.02,-32.42,0.00
-8.42,-5.39,0.00
-18.87,10.29,0.00
27.74,-13.75,0.00
25.40,-26.75,0.00
25.91,-26.28,0.00
-3.64,-29.50,0.00
7.79,-35.50,0.00
31.43,0.97,0.00
18.60,18.03,0.00
-28.07,2.54,0.00
23.27,-20.03,0.00
-7.97,-28.48,0.00
13.85,-33.79,0.00
9.61,-35.10,0.00
16.34,20.25,0.00
31.00,-20.42,0.00
16.66,9.91,0.00
2.96,-17.20,0.00
9.33,-15.19,0.00
-26.90,-9.78,0.00
-1.12,-10.83,0.00
24.93,-27.16,0.00
-33.33,-10.21,0.00
-7.69,-6.59,0.00
15.84,11.32,0.00
17.91,-16.55,0.00
6.47,-16.43,0.00
-34.55,0.31,0.00
22.74,-9.72,0.00
21.21,-30.00,0.00
11.93,-27.80,0.00
-13.72,-33.00,0.00
-29.02,-19.85,0.00
1.73,-36.13,0.00
-21.34,17.49,0.00
-9.86,-27.81,0.00
-33.68,6.81,0.00
-10.78,-20.40,0.00
-28.28,-0.16,0.00
20.96,-22.29,0.00
-7.29,-7.13,0.00
18.21,-24.45,0.00
-7.15,26.01,0.00
-34.47,1.59,0.00
8.43,-22.39,0.00
-5.71,-35.51,0.00
9.47,-28.64,0.00
12.13,15.60,0.00
-31.63,12.92,0.00
26.22,-16.27,0.00
7.21,11.51,0.00
1.49,26.61,0.00
23.41,22.06,0.00
9.53,-35.12,0.00
5.59,4.07,0.00
34.84,-13.40,0.00
23.24,10.64,0.00
34.13,-15.02,0.00
23.44,-19.85,0.00
-33.04,-11.21,0.00
7.57,-29.13,0.00
30.32,-7.27,0.00
-10.86,-20.35,0.00
14.66,-26.57,0.00
-16.17,29.33,0.00
-23.86,-26.14,0.00
-18.84,27.80,0.00
14.31,29.21,0.00
-21.07,-28.57,0.00
12.96,-20.35,0.00
26.47,18.01,0.00
-17.10,21.38,0.00
21.64,13.87,0.00
7.41,25.36,0.00
12.89,22.80,0.00
9.78,-21.90,0.00
29.09,-10.87,0.00
-4.98,26.42,0.00
34.13,-15.01,0.00
23.92,21.48,0.00
2.79,20.09,0.00
-2.71,26.67,0.00
22.33,-10.54,0.00
-33.54,7.38,0.00
-13.08,-33.28,0.00
0.80,-36.14,0.00
28.79,13.63,0.00
-18.37,-13.19,0.00
-22.00,-1.64,0.00
-25.29,-24.67,0.00
-19.63,-21.49,0.00
-34.10,4.71,0.00
6.21,-29.40,0.00
-6.46,32.55,0.00
-23.16,-17.31,0.00
-26.09,21.59,0.00
3.97,-29.71,0.00
-23.60,14.54,0.00
22.12,-10.93,0.00
-4.98,13.61,0.00
22.90,11.44,0.00
-12.84,8.04,0.00
36.06,-10.02,0.00
13.39,14.41,0.00
-34.57,-1.12,0.00
-15.80,-31.98,0.00
19.25,25.99,0.00
4.36,-29.67,0.00
18.87,0.72,0.00
-24.01,13.91,0.00
22.86,-9.46,0.00
-14.69,15.27,0.00
17.71,-24.79,0.00
6.51,-22.93,0.00
8.20,-35.42,0.00
4.26,-36.00,0.00
-21.67,-4.89,0.00
-8.52,-14.41,0.00
6.64,18.95,0.00
-27.84,-6.05,0.00
-3.71,32.89,0.00
-4.04,20.22,0.00
-21.89,1.36,0.00
-26.56,-23.21,0.00
4.26,26.20,0.00
27.71,-13.80,0.00
-18.61,10.70,0.00
-13.40,-9.31,0.00
-24.24,-15.63,0.00
-26.81,8.01,0.00
17.78,-5.33,0.00
29.07,-10.93,0.00
-11.21,-27.24,0.00
30.49,8.64,0.00
14.81,-10.62,0.00
-16.98,28.90,0.00
-13.04,16.57,0.00
-23.04,-17.48,0.00
-30.95,14.36,0.00
-0.20,-10.98,0.00
13.92,-19.77,0.00
-16.87,-31.39,0.00
-29.03,-19.83,0.00
-14.31,-25.61,0.00
-20.05,-29.33,0.00
25.75,-26.43,0.00
-33.44,-9.79,0.00
-25.61,-24.32,0.00
-14.57,-6.99,0.00
30.87,6.93,0.00
11.29,30.62,0.00
25.59,-17.18,0.00
-33.81,6.22,0.00
10.96,-5.19,0.00
-25.83,21.88,0.00
-5.61,32.68,0.00
-21.29,-6.63,0.00
-21.67,-4.86,0.00
30.91,-4.72,0.00
22.90,-9.38,0.00
-33.38,7.99,0.00
-14.57,23.05,0.00
-30.23,15.73,0.00
37.13,-5.61,0.00
-1.51,-23.45,0.00
14.05,-11.51,0.00
-0.71,-36.10,0.00
-12.60,-26.57,0.00
34.37,-14.50,0.00
31.28,-2.09,0.00
37.43,-3.60,0.00
-10.02,-27.74,0.00
-20.20,-20.91,0.00
9.56,-15.06,0.00
24.86,-2.82,0.00
4.16,-10.58,0.00
18.86,0.29,0.00
-13.75,30.45,0.00
8.15,-8.48,0.00
24.94,4.29,0.00
-22.06,-27.76,0.00
17.14,27.53,0.00
18.02,26.93,0.00
9.42,17.56,0.00
-12.15,24.30,0.00
11.67,-27.90,0.00
37.05,-6.03,0.00
-1.00,20.44,0.00
-21.86,1.56,0.00
-20.79,-8.25,0.00
-16.25,29.29,0.00
-20.06,18.84,0.00
4.83,12.90,0.00
-26.29,-11.48,0.00
-6.65,19.65,0.00
-33.68,6.81,0.00
-3.46,-23.16,0.00
5.59,-10.05,0.00
18.18,-24.47,0.00
-29.31,-19.39,0.00
21.99,13.25,0.00
-16.08,29.37,0.00
-25.63,-13.00,0.00
-12.93,-26.39,0.00
29.64,-22.24,0.00
-34.26,3.63,0.00
9.61,-7.08,0.00
7.89,31.78,0.00
-23.35,14.91,0.00
24.74,-27.33,0.00
-12.68,16.82,0.00
-19.46,-11.33,0.00
-13.68,6.74,0.00
-3.94,26.56,0.00
-9.71,-13.53,0.00
31.06,-3.82,0.00
-34.17,4.23,0.00
14.99,28.85,0.00
-24.14,23.64,0.00
22.05,-11.06,0.00
-28.65,-20.41,0.00
-4.04,26.55,0.00
-33.77,-8.39,0.00
30.05,-8.21,0.00
14.26,-11.27,0.00
-12.19,8.87,0.00
-4.67,-9.45,0.00
-3.72,13.91,0.00
-20.78,18.10,0.00
-6.86,-15.40,0.00
5.77,-9.97,0.00
-18.72,27.87,0.00
16.35,20.24,0.00
-14.48,30.14,0.00
-17.88,20.78,0.00
-16.69,21.68,0.00
-27.00,7.45,0.00
-26.10,9.88,0.00
-34.19,4.11,0.00
12.38,23.10,0.00
1.31,-36.14,0.00
11.99,-2.87,0.00
-27.25,20.19,0.00
2.43,-17.25,0.00
28.23,-12.79,0.00
-9.47,-0.54,0.00
-14.21,-25.67,0.00
-1.24,7.91,0.00
26.35,-25.87,0.00
1.73,-36.13,0.00
-33.28,8.36,0.00
7.59,-35.54,0.00
15.28,-10.02,0.00
18.69,-1.68,0.00
10.04,17.17,0.00
29.23,-10.54,0.00
1.98,-36.13,0.00
37.07,-5.91,0.00
6.87,32.05,0.00
-5.65,32.67,0.00
4.05,-36.01,0.00
13.22,22.59,0.00
-21.99,0.10,0.00
16.84,9.57,0.00
-2.35,-16.98,0.00
-34.57,-1.57,0.00
15.81,-9.26,0.00
-20.27,-9.61,0.00
-34.28,-5.47,0.00
5.41,-23.17,0.00
35.99,-10.25,0.00
-19.59,-11.07,0.00
-16.80,-23.93,0.00
7.94,-22.54,0.00
4.93,-35.93,0.00
24.94,4.30,0.00
-7.10,26.02,0.00
-25.32,-13.66,0.00
20.61,-30.40,0.00
8.59,-8.11,0.00
3.42,32.70,0.00
-6.80,-35.29,0.00
5.27,-10.19,0.00
-22.02,-18.84,0.00
14.82,-19.16,0.00
-23.34,-26.62,0.00
-2.48,-29.66,0.00
18.37,26.67,0.00
-18.10,20.60,0.00
30.36,-7.13,0.00
-8.13,-21.73,0.00
-9.27,0.97,0.00
8.81,-28.82,0.00
5.97,-23.05,0.00
-23.78,-16.39,0.00
8.26,-35.41,0.00
-2.56,26.68,0.00
-21.84,1.79,0.00
24.34,7.35,0.00
16.96,-32.45,0.00
19.58,-31.03,0.00
-29.15,-19.64,0.00
10.46,-34.88,0.00
-16.13,13.88,0.00
-15.44,2.06,0.00
-15.85,14.18,0.00
7.88,-22.56,0.00
16.38,10.43,0.00
24.40,-18.73,0.00
5.69,25.87,0.00
-34.46,-3.83,0.00
11.50,16.12,0.00
12.21,30.23,0.00
-20.68,6.53,0.00
7.27,-29.20,0.00
23.80,-7.12,0.00
4.80,12.92,0.00
-16.57,13.41,0.00
28.44,14.41,0.00
-28.06,-4.59,0.00
-23.16,-17.31,0.00
16.39,10.40,0.00
5.12,-29.58,0.00
37.60,-1.92,0.00
-34.43,-4.12,0.00
18.66,-24.13,0.00
34.66,-13.82,0.00
-0.56,-36.11,0.00
19.28,-23.67,0.00
9.68,-7.00,0.00
-15.62,-2.93,0.00
-2.54,14.09,0.00
-17.54,21.05,0.00
23.52,9.94,0.00
34.51,-14.17,0.00
18.25,5.84,0.00
33.87,-15.55,0.00
-24.68,23.10,0.00
-33.75,-8.52,0.00
30.94,-4.53,0.00
27.12,16.93,0.00
-26.76,8.17,0.00
-8.86,-4.38,0.00
24.53,-4.56,0.00
-28.29,-1.31,0.00
-4.62,32.80,0.00
-24.59,12.95,0.00
-20.26,18.64,0.00
11.01,-14.16,0.00
-9.47,-1.30,0.00
-20.44,26.72,0.00
11.35,-21.21,0.00
36.32,-9.13,0.00
-11.98,17.28,0.00
20.74,-13.17,0.00
-21.28,-19.74,0.00
-18.74,27.86,0.00
-22.93,15.51,0.00
1.80,-17.29,0.00
6.67,-22.89,0.00
-27.11,-9.09,0.00
25.41,19.56,0.00
-25.80,21.92,0.00
5.98,-16.58,0.00
0.48,-11.03,0.00
-23.14,-17.34,0.00
-34.56,0.01,0.00
-9.09,-3.69,0.00
25.90,18.87,0.00
20.02,25.37,0.00
-16.25,21.99,0.00
7.31,-35.59,0.00
31.39,2.69,0.00
-5.53,6.53,0.00
-27.93,3.52,0.00
-23.42,-26.55,0.00
-32.75,-12.10,0.00
31.09,5.63,0.00
25.47,19.49,0.00
9.86,-28.52,0.00
-16.78,-15.33,0.00
-1.23,-29.78,0.00
26.15,18.49,0.00
24.44,-4.94,0.00
-24.91,-25.08,0.00
5.24,19.46,0.00
-14.69,30.04,0.00
-8.44,-21.60,0.00
-27.23,20.23,0.00
-3.38,26.62,0.00
-34.49,1.39,0.00
24.60,-4.22,0.00
-7.82,19.28,0.00
-24.60,23.18,0.00
4.12,-23.38,0.00
-6.52,32.54,0.00
-13.10,30.71,0.00
-12.66,16.83,0.00
-8.10,19.18,0.00
2.52,20.14,0.00
13.80,-11.78,0.00
23.12,10.94,0.00
4.59,-10.45,0.00
-8.50,-14.43,0.00
25.15,19.92,0.00
-33.83,6.12,0.00
-13.27,7.41,0.00
-17.84,11.83,0.00
-3.64,20.27,0.00
8.80,-35.29,0.00
6.75,32.08,0.00
-5.34,-29.18,0.00
1.36,-23.58,0.00
-31.80,-14.60,0.00
-8.17,25.75,0.00
12.32,-34.33,0.00
9.84,31.17,0.00
-26.99,7.48,0.00
2.87,-17.21,0.00
34.68,-13.79,0.00
18.84,-0.12,0.00
-0.07,20.42,0.00
-5.58,26.33,0.00
11.35,23.68,0.00
15.79,-9.28,0.00
-4.15,32.85,0.00
9.36,17.60,0.00
31.40,2.40,0.00
-18.44,28.05,0.00
-5.81,19.87,0.00
21.81,-21.52,0.00
-15.57,29.63,0.00
31.36,-1.10,0.00
20.02,-23.09,0.00
-4.68,-22.89,0.00
-5.54,32.69,0.00
23.71,-28.18,0.00
-1.98,26.70,0.00
-30.06,16.03,0.00
5.47,12.59,0.00
-31.70,-14.83,0.00
7.11,18.75,0.00
16.23,20.35,0.00
-1.62,-23.44,0.00
-13.07,7.71,0.00
1.27,-36.14,0.00
24.52,6.63,0.00
-18.25,-22.76,0.00
-28.25,-2.61,0.00
7.31,-16.13,0.00
-2.81,20.36,0.00
-10.91,10.23,0.00
-26.43,-11.13,0.00
-20.93,-7.85,0.00
24.98,-1.93,0.00
-10.29,-13.04,0.00
-31.54,13.13,0.00
-11.14,-12.22,0.00
36.53,-8.37,0.00
15.45,11.91,0.00
6.16,-29.41,0.00
12.06,4.67,0.00
-31.43,13.37,0.00
8.82,17.91,0.00
-19.54,-21.57,0.00
-10.57,31.59,0.00
16.98,-7.21,0.00
-7.04,-28.75,0.00
-9.74,18.50,0.00
-20.89,26.39,0.00
-0.25,32.99,0.00
15.70,11.54,0.00
-22.23,-27.61,0.00
-3.11,-10.24,0.00
-23.01,-26.93,0.00
-2.24,-29.69,0.00
11.91,23.37,0.00
-20.67,26.55,0.00
3.39,32.71,0.00
36.75,-7.44,0.00
-14.93,-17.30,0.00
-2.93,7.68,0.00
18.04,-31.89,0.00
-24.04,-25.96,0.00
-3.87,32.88,0.00
-23.97,-16.08,0.00
9.31,31.34,0.00
-29.55,16.89,0.00
23.65,9.60,0.00
-25.87,21.84,0.00
-16.49,29.16,0.00
26.62,-15.66,0.00
12.67,22.93,0.00
14.72,29.00,0.00
-1.45,7.90,0.00
-27.63,19.70,0.00
-3.62,-35.84,0.00
-20.42,7.21,0.00
-1.34,-17.15,0.00
-12.01,17.26,0.00
-0.27,-23.55,0.00
-11.39,-33.94,0.00
-11.69,-27.01,0.00
-10.19,-20.73,0.00
11.44,-13.86,0.00
-8.10,-21.75,0.00
26.84,-15.31,0.00
13.79,-19.85,0.00
-20.24,18.67,0.00
-13.43,23.68,0.00
-33.16,-10.80,0.00
-2.48,26.68,0.00
23.01,-9.14,0.00
25.00,20.12,0.00
-12.71,16.80,0.00
-24.13,13.71,0.00
8.13,-22.49,0.00
30.11,-7.99,0.00
-14.52,-32.63,0.00
-15.41,22.54,0.00
-30.72,14.82,0.00
-20.06,18.84,0.00
30.15,9.88,0.00
7.08,-16.21,0.00
-6.71,26.11,0.00
4.07,-36.01,0.00
23.75,-19.49,0.00
-24.38,23.40,0.00
-27.08,-9.20,0.00
-27.99,-5.10,0.00
-29.60,-18.91,0.00
-4.64,13.70,0.00
6.70,-29.31,0.00
22.51,-29.10,0.00
-23.57,-16.71,0.00
5.63,19.33,0.00
-27.93,-21.44,0.00
-22.01,-1.13,0.00
12.85,29.94,0.00
-13.32,-26.18,0.00
25.32,-26.82,0.00
29.63,-9.47,0.00
-31.01,-16.31,0.00
-8.55,3.06,0.00
37.00,-6.27,0.00
-11.82,9.30,0.00
12.64,-20.53,0.00
24.11,-27.86,0.00
-9.12,1.58,0.00
-33.93,-7.63,0.00
-22.58,-27.32,0.00
-10.92,24.82,0.00
-21.81,-3.96,0.00
-34.15,4.39,0.00
-26.96,7.58,0.00
8.83,-15.45,0.00
14.78,-33.42,0.00
-3.89,-35.81,0.00
-28.29,-0.98,0.00
-24.54,-25.46,0.00
2.52,26.49,0.00
21.54,24.01,0.00
14.76,21.53,0.00
-26.88,-9.83,0.00
8.85,17.89,0.00
31.57,-19.57,0.00
-5.50,-22.66,0.00
-12.74,-10.31,0.00
14.70,-10.76,0.00
-8.33,-5.55,0.00
3.98,32.62,0.00
1.25,-29.86,0.00
-33.04,9.16,0.00
-26.61,-10.63,0.00
-32.51,10.74,0.00
15.54,28.53,0.00
-28.67,18.25,0.00
10.02,24.33,0.00
31.20,4.78,0.00
14.28,13.43,0.00
12.46,-20.63,0.00
17.10,9.02,0.00
8.74,24.88,0.00
-20.92,5.83,0.00
9.76,24.45,0.00
34.48,-14.24,0.00
11.57,-21.10,0.00
36.00,-10.21,0.00
31.26,-2.27,0.00
23.60,9.73,0.00
-24.21,-25.79,0.00
28.51,-12.19,0.00
-22.01,-1.40,0.00
-32.72,10.15,0.00
-6.69,26.11,0.00
25.01,-1.64,0.00
17.04,-17.37,0.00
14.68,29.01,0.00
-18.93,-12.28,0.00
-34.51,1.04,0.00
-4.80,-22.86,0.00
-11.15,-27.27,0.00
-28.20,1.32,0.00
-25.10,-24.87,0.00
-8.33,-34.91,0.00
11.92,15.77,0.00
13.83,-26.98,0.00
-2.56,-35.97,0.00
-14.55,23.06,0.00
11.41,-34.61,0.00
-14.47,-17.72,0.00
25.07,-17.88,0.00
21.99,23.57,0.00
-16.28,13.72,0.00
-8.53,-5.16,0.00
3.71,26.30,0.00
20.40,-30.53,0.00
22.23,-10.73,0.00
-29.30,17.29,0.00
16.39,10.41,0.00
21.88,-11.35,0.00
14.83,-10.59,0.00
3.48,32.70,0.00
13.63,29.56,0.00
19.21,26.03,0.00
-21.97,-2.35,0.00
17.30,27.42,0.00
-15.84,14.18,0.00
-1.39,26.72,0.00
24.23,7.75,0.00
24.82,-3.07,0.00
4.23,13.17,0.00
30.83,-5.12,0.00
9.10,31.41,0.00
26.75,-15.46,0.00
31.16,5.12,0.00
17.83,7.21,0.00
16.82,-7.54,0.00
-24.77,-14.71,0.00
-15.60,-32.08,0.00
12.16,15.57,0.00
-22.54,16.03,0.00
-4.14,26.54,0.00
-28.06,-4.61,0.00
18.88,1.12,0.00
22.04,-11.07,0.00
-20.86,-8.06,0.00
-29.09,-19.74,0.00
-33.90,5.79,0.00
-2.67,26.67,0.00
24.37,-18.77,0.00
15.23,-10.08,0.00
-26.03,-12.12,0.00
-3.71,-23.11,0.00
-23.27,-26.69,0.00
26.20,18.43,0.00
31.03,-4.01,0.00
1.75,-17.29,0.00
-25.18,11.86,0.00
36.65,-7.87,0.00
25.08,-27.03,0.00
31.36,3.14,0.00
17.53,-5.99,0.00
31.39,-0.54,0.00
1.98,-29.85,0.00
-24.60,12.93,0.00
-3.57,26.60,0.00
21.04,-22.23,0.00
-27.20,-22.41,0.00
-16.76,29.02,0.00
10.37,-28.36,0.00
13.02,-34.09,0.00
-1.99,14.14,0.00
37.21,-5.10,0.00
7.87,10.99,0.00
2.13,20.20,0.00
-0.16,26.71,0.00
-10.62,-12.74,0.00
29.49,-9.86,0.00
10.87,7.42,0.00
-11.42,-20.02,0.00
1.30,13.98,0.00
11.28,30.62,0.00
27.21,16.78,0.00
22.71,11.83,0.00
9.69,17.39,0.00
-14.52,30.12,0.00
21.35,-12.25,0.00
-33.17,8.74,0.00
-28.20,1.33,0.00
-20.53,-20.57,0.00
6.45,-9.62,0.00
31.39,2.61,0.00
24.14,-6.07,0.00
-16.75,13.20,0.00
-7.28,25.98,0.00
21.52,14.08,0.00
-24.95,12.31,0.00
35.43,-11.90,0.00
25.08,2.88,0.00
-27.45,19.94,0.00
-6.03,-29.02,0.00
-7.90,-35.03,0.00
24.78,-3.31,0.00
-21.63,3.08,0.00
5.08,-35.91,0.00
12.37,3.45,0.00
26.16,-26.05,0.00
-3.79,-29.47,0.00
23.30,10.51,0.00
37.51,-2.92,0.00
3.63,13.39,0.00
-23.96,-16.09,0.00
8.71,-8.00,0.00
5.41,-29.54,0.00
13.96,13.80,0.00
30.74,-5.54,0.00
35.72,-11.09,0.00
-15.83,-31.96,0.00
-17.59,21.01,0.00
8.44,31.62,0.00
-28.54,18.44,0.00
-28.22,-3.07,0.00
-19.26,-21.85,0.00
17.25,-6.64,0.00
24.62,6.14,0.00
13.65,-11.94,0.00
-2.68,32.96,0.00
-26.79,8.09,0.00
-16.05,22.12,0.00
-9.71,-34.52,0.00
-19.67,-21.45,0.00
8.46,24.98,0.00
-18.85,-12.42,0.00
-8.02,12.34,0.00
2.81,26.45,0.00
3.66,-10.72,0.00
-7.47,-22.00,0.00
-27.29,-8.47,0.00
31.88,-19.10,0.00
-9.49,-13.71,0.00
25.70,19.16,0.00
-27.80,-6.27,0.00
-28.42,18.63,0.00
14.36,-11.17,0.00
-14.35,5.45,0.00
14.12,21.99,0.00
-33.44,7.78,0.00
7.49,18.59,0.00
-24.81,22.97,0.00
-8.00,-21.79,0.00
-9.91,18.42,0.00
-6.27,-8.23,0.00
14.41,21.78,0.00
21.97,13.29,0.00
29.56,11.70,0.00
-7.18,12.77,0.00
17.76,-5.37,0.00
-6.39,-8.11,0.00
-6.54,-15.56,0.00
30.81,7.23,0.00
12.23,23.19,0.00
11.99,-20.88,0.00
-2.86,-29.61,0.00
37.40,-3.86,0.00
-31.88,-14.40,0.00
13.46,29.65,0.00
9.33,-35.17,0.00
12.54,-0.27,0.00
-6.72,12.98,0.00
-26.10,9.88,0.00
23.84,-7.00,0.00
19.78,-30.91,0.00
-28.26,0.28,0.00
-13.65,-26.00,0.00
-4.31,-35.75,0.00
-14.84,22.89,0.00
-14.69,-32.54,0.00
-21.96,-2.47,0.00
-16.92,-15.17,0.00
16.08,-18.20,0.00
-9.15,-28.08,0.00
-11.91,17.32,0.00
26.25,18.34,0.00
13.94,-11.62,0.00
-15.56,-3.35,0.00
-18.27,-30.54,0.00
-19.71,8.76,0.00
20.24,16.00,0.00
5.63,-29.50,0.00
-20.47,-20.63,0.00
-10.81,10.32,0.00
-16.24,-31.74,0.00
26.32,-25.89,0.00
-34.57,-1.51,0.00
-11.89,-19.71,0.00
-19.57,-21.55,0.00
21.00,-12.78,0.00
-4.86,-29.28,0.00
34.28,-14.68,0.00
6.14,-23.02,0.00
27.10,16.96,0.00
14.81,-19.17,0.00
-27.48,19.91,0.00
-29.83,8.89,1.00
8.59,-2.97,1.00
6.49,15.59,1.00
32.06,-11.92,1.00
27.58,-19.77,1.00
-3.29,-26.38,1.00
28.19,3.38,1.00
-15.19,-12.27,1.00
24.45,-23.33,1.00
24.17,15.76,1.00
24.98,14.33,1.00
-6.36,-1.08,1.00
-23.74,-21.69,1.00
-26.17,16.35,1.00
18.86,22.22,1.00
-9.94,28.50,1.00
15.43,-2.10,1.00
2.05,29.71,1.00
-12.13,-4.44,1.00
8.42,28.33,1.00
-0.19,4.75,1.00
-25.50,17.30,1.00
-25.15,-0.88,1.00
-1.14,17.31,1.00
-3.72,29.74,1.00
7.55,-19.37,1.00
-9.98,-31.11,1.00
11.82,11.48,1.00
18.69,-27.90,1.00
30.51,-15.22,1.00
1.16,-20.44,1.00
-20.05,-25.35,1.00
-27.15,-16.88,1.00
-1.20,23.58,1.00
21.99,2.12,1.00
-10.92,-16.56,1.00
34.26,-3.66,1.00
-18.72,-3.40,1.00
9.81,-31.81,1.00
-3.32,23.47,1.00
17.22,-28.76,1.00
-28.02,-15.27,1.00
15.32,-2.58,1.00
6.55,-26.14,1.00
23.04,17.49,1.00
9.17,21.26,1.00
-3.11,4.33,1.00
12.58,-16.89,1.00
-28.00,-15.32,1.00
-0.22,11.01,1.00
-9.53,-9.34,1.00
11.08,27.30,1.00
-22.07,-13.10,1.00
-24.89,-4.59,1.00
20.97,7.72,1.00
20.58,-18.31,1.00
-24.27,-21.06,1.00
-13.36,-14.44,1.00
-26.42,-18.09,1.00
3.33,23.18,1.00
-24.62,-6.16,1.00
-3.93,29.72,1.00
-18.42,-5.13,1.00
10.31,-31.67,1.00
10.94,27.36,1.00
25.47,-11.29,1.00
-14.87,-12.70,1.00
14.00,25.80,1.00
-18.59,-4.26,1.00
-31.33,-3.54,1.00
-6.34,-1.44,1.00
15.45,4.01,1.00
-2.60,-26.48,1.00
5.59,29.12,1.00
-25.15,-1.40,1.00
-13.02,-29.86,1.00
31.72,-12.72,1.00
-20.47,13.56,1.00
-22.59,20.75,1.00
-25.10,-2.69,1.00
25.40,13.49,1.00
-12.44,13.07,1.00
-7.62,-11.19,1.00
32.36,-11.14,1.00
-31.38,-2.74,1.00
-9.48,-17.52,1.00
12.64,-24.07,1.00
19.55,11.15,1.00
13.24,9.57,1.00
2.08,23.38,1.00
-3.08,-20.03,1.00
-4.42,-5.67,1.00
17.31,14.68,1.00
9.93,-31.77,1.00
-30.16,-9.86,1.00
6.44,-26.16,1.00
9.18,-18.75,1.00
-15.06,10.31,1.00
25.93,-21.78,1.00
1.18,-26.72,1.00
-8.81,15.46,1.00
-18.83,0.31,1.00
27.18,-20.29,1.00
-17.34,6.44,1.00
-8.97,-9.96,1.00
10.22,13.10,1.00
-21.90,21.43,1.00
7.47,28.63,1.00
-8.65,22.31,1.00
-29.88,8.73,1.00
-21.11,-14.72,1.00
5.01,22.80,1.00
-3.16,-13.54,1.00
-9.94,-31.13,1.00
-13.90,-13.87,1.00
24.78,-12.60,1.00
33.30,-8.26,1.00
7.53,15.03,1.00
28.96,-17.82,1.00
27.65,7.01,1.00
3.93,-13.87,1.00
-24.05,19.15,1.00
24.33,-23.45,1.00
0.16,-26.71,1.00
17.32,23.52,1.00
3.11,-7.63,1.00
33.88,-5.89,1.00
9.08,-18.79,1.00
1.15,-7.92,1.00
-31.38,0.79,1.00
31.13,-14.01,1.00
-8.25,28.97,1.00
-0.35,4.77,1.00
-0.60,11.03,1.00
11.85,-24.43,1.00
17.03,-12.86,1.00
-11.00,-30.73,1.00
-15.03,-28.82,1.00
33.70,-6.71,1.00
3.66,29.50,1.00
-13.47,-29.64,1.00
9.71,-18.51,1.00
-6.77,-11.81,1.00
-18.82,-26.33,1.00
0.57,-20.44,1.00
1.80,23.42,1.00
28.19,3.35,1.00
21.18,-17.66,1.00
0.90,23.51,1.00
17.73,14.12,1.00
0.11,-14.14,1.00
-14.90,-21.42,1.00
-15.62,9.54,1.00
-16.95,25.28,1.00
22.59,18.10,1.00
-6.26,9.73,1.00
33.90,-5.79,1.00
-26.81,15.36,1.00
-13.72,11.86,1.00
6.18,-6.05,1.00
-24.02,6.45,1.00
21.40,-4.14,1.00
-8.73,-24.88,1.00
26.58,10.71,1.00
-30.41,6.93,1.00
-5.92,-3.35,1.00
4.50,29.35,1.00
-4.14,-19.78,1.00
33.56,-7.30,1.00
-25.97,-18.76,1.00
-1.17,-26.63,1.00
18.24,-20.49,1.00
6.09,15.77,1.00
-13.05,12.52,1.00
15.04,-3.64,1.00
20.11,9.98,1.00
-6.35,-12.09,1.00
-22.80,-11.65,1.00
28.23,-0.84,1.00
-0.18,-14.12,1.00
19.71,-8.76,1.00
-5.28,10.19,1.00
-18.27,-18.38,1.00
27.90,5.69,1.00
24.57,-12.99,1.00
-31.41,-2.12,1.00
-16.48,8.17,1.00
25.28,-11.66,1.00
0.19,-20.43,1.00
-12.48,0.81,1.00
1.61,-20.44,1.00
-5.91,9.90,1.00
26.83,-20.72,1.00
-2.57,29.82,1.00
-10.98,-7.23,1.00
-28.34,12.56,1.00
21.32,-4.47,1.00
4.87,-32.77,1.00
-25.06,-3.10,1.00
-15.49,-28.56,1.00
-10.34,14.61,1.00
21.79,4.13,1.00
21.82,3.93,1.00
-12.07,-4.63,1.00
15.16,-14.84,1.00
26.57,10.74,1.00
-21.19,12.50,1.00
-12.31,-30.19,1.00
-15.99,-11.09,1.00
21.65,-2.97,1.00
10.08,-18.34,1.00
-5.95,-25.80,1.00
8.15,14.66,1.00
14.16,7.91,1.00
19.12,-27.62,1.00
20.37,9.37,1.00
13.28,-23.75,1.00
4.82,9.35,1.00
10.66,-10.46,1.00
-12.21,-4.14,1.00
-31.43,-1.16,1.00
-10.41,-8.16,1.00
-21.47,-14.15,1.00
15.30,-2.70,1.00
-12.56,-15.21,1.00
-10.61,-30.88,1.00
27.72,-4.63,1.00
28.50,-18.51,1.00
19.06,-19.78,1.00
-6.19,0.47,1.00
3.88,23.07,1.00
-0.05,-7.85,1.00
6.62,-19.66,1.00
-24.50,4.68,1.00
7.19,-26.00,1.00
-17.30,6.53,1.00
-2.35,-26.51,1.00
14.35,17.83,1.00
-23.79,-9.20,1.00
3.89,16.60,1.00
15.45,-1.99,1.00
-16.81,25.37,1.00
14.71,-15.25,1.00
28.26,2.33,1.00
1.65,-26.71,1.00
-1.62,-32.90,1.00
-11.58,-30.50,1.00
-11.37,21.20,1.00
-1.35,17.30,1.00
27.79,-4.31,1.00
28.16,-1.75,1.00
15.60,24.78,1.00
2.71,-32.96,1.00
-27.40,14.36,1.00
26.81,-8.02,1.00
19.58,-19.31,1.00
-6.11,16.54,1.00
27.80,6.28,1.00
-31.40,-2.47,1.00
10.67,-31.56,1.00
7.67,-32.32,1.00
-0.78,-26.66,1.00
-18.27,-5.77,1.00
16.30,-13.70,1.00
34.50,-1.21,1.00
-18.34,-18.32,1.00
-31.35,-3.24,1.00
17.91,-20.75,1.00
-23.72,-9.38,1.00
20.70,-6.46,1.00
-13.09,-22.67,1.00
-4.84,3.05,1.00
-13.57,-29.59,1.00
-0.57,-26.68,1.00
1.46,-7.90,1.00
-31.24,-4.48,1.00
7.84,-12.43,1.00
6.12,-6.10,1.00
-19.80,14.43,1.00
27.53,-19.83,1.00
-12.53,-2.38,1.00
-2.14,10.98,1.00
-11.96,-30.34,1.00
-31.00,-6.21,1.00
-31.12,-5.45,1.00
-21.57,11.88,1.00
-2.84,23.51,1.00
11.54,19.94,1.00
10.79,-24.87,1.00
-3.57,29.75,1.00
-27.85,13.53,1.00
27.38,8.14,1.00
-0.02,-26.70,1.00
5.67,22.62,1.00
9.85,-18.45,1.00
-9.05,-17.78,1.00
-3.65,-19.91,1.00
19.73,21.39,1.00
-20.35,22.82,1.00
18.18,-20.54,1.00
-11.49,13.82,1.00
4.79,16.30,1.00
-21.68,21.64,1.00
32.30,-11.30,1.00
-4.84,-5.20,1.00
-18.80,0.65,1.00
-29.62,9.50,1.00
1.84,29.73,1.00
-18.57,2.37,1.00
-4.23,-26.21,1.00
12.52,-24.13,1.00
0.62,29.82,1.00
-20.26,13.83,1.00
9.67,21.01,1.00
3.21,-20.33,1.00
-17.22,6.71,1.00
-12.59,-1.65,1.00
28.20,3.26,1.00
24.22,15.67,1.00
17.84,23.10,1.00
-0.93,4.81,1.00
-8.82,22.26,1.00
0.03,-14.14,1.00
-17.95,-18.73,1.00
32.50,-10.77,1.00
-24.80,-5.21,1.00
20.78,8.29,1.00
-31.41,-2.11,1.00
29.83,-16.43,1.00
-8.60,-18.03,1.00
-31.06,3.82,1.00
34.43,-2.09,1.00
-6.42,-12.04,1.00
-16.13,-20.44,1.00
-31.42,-1.93,1.00
20.45,9.18,1.00
-12.71,20.50,1.00
-15.08,26.35,1.00
-11.83,-5.39,1.00
22.00,0.30,1.00
0.67,-26.72,1.00
-17.28,6.56,1.00
-27.74,-15.81,1.00
-21.75,21.57,1.00
29.07,-17.66,1.00
-19.30,-17.21,1.00
-9.05,-9.87,1.00
17.79,-28.44,1.00
-29.07,-12.98,1.00
-9.81,-24.43,1.00
-28.62,-14.02,1.00
-11.07,-30.71,1.00
-25.46,17.36,1.00
4.88,-26.44,1.00
24.52,-13.07,1.00
-26.53,-17.92,1.00
26.21,-9.62,1.00
-2.40,17.25,1.00
16.02,24.49,1.00
-15.71,-20.78,1.00
-17.66,-7.69,1.00
2.56,3.10,1.00
-16.46,8.20,1.00
23.02,17.52,1.00
-12.76,-29.98,1.00
-29.75,-11.17,1.00
-8.32,-10.59,1.00
-5.77,9.97,1.00
-19.99,23.12,1.00
-9.76,-17.35,1.00
-15.29,-12.13,1.00
0.75,4.48,1.00
-11.78,-5.50,1.00
7.97,-12.36,1.00
15.68,-0.39,1.00
-12.48,20.63,1.00
-31.41,-2.27,1.00
-31.43,-1.26,1.00
4.08,-32.86,1.00
-11.61,21.08,1.00
7.49,28.62,1.00
-25.08,0.94,1.00
7.56,6.78,1.00
-10.49,5.94,1.00
-18.57,2.39,1.00
32.84,-9.80,1.00
15.83,24.63,1.00
-16.48,-10.24,1.00
8.78,28.21,1.00
26.25,11.59,1.00
9.37,2.43,1.00
22.01,0.86,1.00
-24.68,18.39,1.00
-9.71,6.95,1.00
-9.69,-31.22,1.00
15.01,-29.89,1.00
-23.70,-21.74,1.00
-3.20,-13.53,1.00
1.50,-26.72,1.00
8.10,28.44,1.00
-7.82,-31.80,1.00
-12.30,-3.77,1.00
-31.36,-3.16,1.00
-12.91,-14.89,1.00
15.78,-22.30,1.00
1.49,29.76,1.00
-25.76,16.94,1.00
-4.51,-19.68,1.00
22.01,-16.70,1.00
-8.42,-18.13,1.00
34.52,-0.91,1.00
-31.40,-2.47,1.00
4.80,22.86,1.00
-12.36,-30.17,1.00
-5.50,29.52,1.00
13.96,-30.36,1.00
14.56,7.00,1.00
-4.41,-19.71,1.00
-12.52,-2.46,1.00
8.82,-18.90,1.00
19.25,11.72,1.00
27.84,-4.02,1.00
-22.58,10.05,1.00
2.66,29.64,1.00
-16.13,-10.86,1.00
14.21,7.81,1.00
19.80,10.66,1.00
-8.73,22.29,1.00
0.21,23.55,1.00
6.02,-32.62,1.00
-16.02,-11.03,1.00
21.31,-4.53,1.00
-7.50,16.05,1.00
21.24,6.79,1.00
16.40,15.78,1.00
7.17,-26.00,1.00
-12.76,-15.03,1.00
-18.32,-5.57,1.00
1.89,29.72,1.00
4.18,-32.85,1.00
-0.26,-14.12,1.00
10.97,12.40,1.00
6.57,-13.04,1.00
19.39,21.72,1.00
-6.82,16.31,1.00
20.99,-17.88,1.00
0.49,17.24,1.00
-31.26,-4.25,1.00
7.80,-19.29,1.00
24.21,15.69,1.00
13.74,-6.64,1.00
2.01,-20.42,1.00
-3.05,-20.04,1.00
28.05,-2.72,1.00
20.45,20.65,1.00
-26.27,-18.31,1.00
10.50,12.85,1.00
-19.48,23.51,1.00
5.77,29.08,1.00
-2.76,-26.46,1.00
27.91,5.62,1.00
-12.57,0.00,1.00
13.13,-7.63,1.00
3.91,23.06,1.00
6.08,29.01,1.00
15.28,4.78,1.00
16.73,15.40,1.00
-24.91,-4.47,1.00
17.04,-28.86,1.00
4.80,9.37,1.00
-30.03,-10.28,1.00
33.24,-8.48,1.00
-16.69,-9.86,1.00
-6.72,-32.08,1.00
-6.92,-18.84,1.00
-30.65,5.97,1.00
-18.90,15.51,1.00
18.17,-20.54,1.00
-16.79,7.59,1.00
17.73,23.19,1.00
13.72,-6.67,1.00
-1.57,-26.60,1.00
-25.11,-2.44,1.00
-28.42,-14.47,1.00
-24.48,4.77,1.00
-27.96,13.32,1.00
11.91,19.70,1.00
3.15,-20.33,1.00
-28.56,12.09,1.00
2.29,23.35,1.00
-25.00,-3.81,1.00
8.20,-25.74,1.00
-31.14,-5.29,1.00
10.32,-25.05,1.00
9.00,21.34,1.00
15.73,0.36,1.00
10.92,27.37,1.00
-10.28,-31.01,1.00
-8.19,-10.71,1.00
-21.09,12.65,1.00
16.80,-29.00,1.00
0.56,-26.72,1.00
-9.38,-24.61,1.00
-0.67,11.04,1.00
-14.25,-21.90,1.00
27.41,8.00,1.00
13.03,-7.77,1.00
26.05,-21.64,1.00
3.78,16.63,1.00
22.90,17.68,1.00
-14.38,-13.31,1.00
-8.17,-10.73,1.00
-18.10,-6.38,1.00
16.44,-13.55,1.00
-20.62,13.35,1.00
-16.11,8.79,1.00
-2.76,29.81,1.00
-31.33,1.54,1.00
-29.36,10.19,1.00
3.71,29.49,1.00
-16.00,-11.07,1.00
-4.77,16.89,1.00
-7.83,-11.02,1.00
13.58,18.48,1.00
-12.29,1.79,1.00
27.30,8.45,1.00
23.56,-24.18,1.00
-17.33,25.04,1.00
-3.50,-13.43,1.00
-1.64,-7.46,1.00
16.72,-13.23,1.00
34.23,-3.85,1.00
5.97,-19.83,1.00
-8.21,28.98,1.00
3.28,29.55,1.00
5.60,-26.32,1.00
21.75,4.39,1.00
-3.47,17.13,1.00
32.55,-10.63,1.00
-2.34,10.96,1.00
-16.67,7.82,1.00
3.73,-20.26,1.00
3.82,-32.88,1.00
5.00,29.25,1.00
-17.18,-8.85,1.00
15.64,2.77,1.00
-11.68,-30.46,1.00
-29.88,8.74,1.00
9.22,-1.19,1.00
-12.28,-30.20,1.00
13.69,-23.54,1.00
-18.00,16.46,1.00
22.92,17.65,1.00
9.37,-0.41,1.00
14.86,-15.11,1.00
-12.40,1.28,1.00
19.38,21.73,1.00
12.98,18.94,1.00
-24.11,6.14,1.00
-7.19,-18.72,1.00
-28.80,11.55,1.00
8.74,4.69,1.00
-11.53,-16.09,1.00
14.98,-22.80,1.00
-29.20,10.62,1.00
19.83,-19.06,1.00
-4.40,29.67,1.00
0.85,-7.92,1.00
-18.78,-2.91,1.00
9.46,1.55,1.00
-24.73,-5.62,1.00
33.88,-5.85,1.00
-5.92,-3.33,1.00
-10.21,21.72,1.00
-3.01,4.38,1.00
23.82,-14.21,1.00
10.50,12.85,1.00
5.34,29.18,1.00
15.69,-0.22,1.00
-30.10,-10.06,1.00
-2.22,17.26,1.00
21.33,-4.43,1.00
-14.81,10.63,1.00
-31.35,1.27,1.00
-25.14,-0.15,1.00
-14.95,-28.87,1.00
4.76,-13.67,1.00
-24.83,-5.04,1.00
-25.64,17.12,1.00
32.77,-10.01,1.00
23.08,17.43,1.00
10.65,12.70,1.00
-19.20,23.73,1.00
-7.81,8.75,1.00
-20.49,22.70,1.00
-30.22,-9.66,1.00
-1.84,-26.57,1.00
-25.15,-1.54,1.00
17.75,-28.47,1.00
3.29,1.05,1.00
-6.20,0.43,1.00
-18.88,-1.16,1.00
-23.95,-8.71,1.00
-11.82,-23.43,1.00
21.33,6.44,1.00
-5.60,-19.34,1.00
0.08,17.27,1.00
-30.79,5.29,1.00
7.70,-19.32,1.00
-25.15,-1.39,1.00
-31.43,-0.71,1.00
23.66,-14.46,1.00
7.71,21.91,1.00
13.05,9.86,1.00
13.14,18.82,1.00
-24.88,2.69,1.00
34.03,-5.08,1.00
-10.07,-17.15,1.00
15.55,3.47,1.00
-10.36,14.59,1.00
-5.36,16.75,1.00
-8.55,8.14,1.00
21.94,2.82,1.00
-9.81,-17.32,1.00
-8.02,-31.74,1.00
-26.75,15.45,1.00
-7.86,-11.00,1.00
-24.60,-20.65,1.00
-7.59,-11.21,1.00
1.26,29.78,1.00
5.75,-26.30,1.00
-12.22,2.08,1.00
1.54,-33.00,1.00
-14.60,-29.06,1.00
-26.68,-17.66,1.00
21.56,5.48,1.00
-11.53,13.79,1.00
34.48,-1.57,1.00
-31.29,-4.02,1.00
9.46,1.57,1.00
21.02,7.54,1.00
-31.43,-1.20,1.00
-17.24,-19.43,1.00
-18.68,1.69,1.00
-29.72,9.20,1.00
-17.95,-6.86,1.00
3.05,2.21,1.00
-15.08,10.28,1.00
34.27,-3.59,1.00
27.17,8.89,1.00
-10.41,14.56,1.00
18.35,22.67,1.00
18.02,22.95,1.00
28.29,0.41,1.00
-5.41,10.13,1.00
-18.17,4.11,1.00
-16.36,-28.03,1.00
-6.72,29.31,1.00
15.28,4.78,1.00
-2.27,-20.18,1.00
0.12,-26.71,1.00
-30.42,-8.93,1.00
1.19,17.17,1.00
-10.92,-7.34,1.00
19.06,12.06,1.00
5.36,-32.71,1.00
-18.16,-6.16,1.00
-8.23,-10.68,1.00
4.34,9.64,1.00
21.25,-4.74,1.00
9.07,-1.74,1.00
11.22,-24.70,1.00
23.33,17.06,1.00
-19.13,15.24,1.00
-10.12,28.44,1.00
-24.61,-6.18,1.00
10.79,27.42,1.00
-14.83,10.60,1.00
-11.93,27.80,1.00
-24.54,-6.52,1.00
9.25,28.04,1.00
-13.16,20.24,1.00
-23.90,-8.86,1.00
9.48,1.14,1.00
-25.11,0.39,1.00
11.31,-9.84,1.00
11.40,-9.75,1.00
-6.14,23.02,1.00
7.60,-25.90,1.00
19.41,-9.35,1.00
15.72,0.30,1.00
-10.27,28.39,1.00
28.32,-18.77,1.00
-6.12,29.42,1.00
-9.05,7.67,1.00
-27.50,-16.27,1.00
-3.44,10.77,1.00
-7.77,22.60,1.00
14.02,-30.34,1.00
-17.67,-7.65,1.00
3.45,-13.96,1.00
-20.26,22.89,1.00
13.89,-30.39,1.00
12.79,-16.75,1.00
-15.48,9.73,1.00
10.88,12.49,1.00
28.36,-18.70,1.00
7.83,-25.84,1.00
-21.03,-24.48,1.00
3.40,-20.30,1.00
4.04,9.81,1.00
-16.44,17.90,1.00
-2.78,17.22,1.00
-20.66,-15.41,1.00
-12.99,-22.74,1.00
-4.72,-19.62,1.00
2.89,-20.36,1.00
1.37,-7.91,1.00
1.19,23.48,1.00
11.78,-17.40,1.00
25.60,-11.01,1.00
-21.16,-24.36,1.00
-25.15,-1.49,1.00
-11.26,4.63,1.00
16.29,-29.27,1.00
-31.37,0.92,1.00
21.91,3.17,1.00
15.04,-14.95,1.00
18.40,-28.07,1.00
20.73,8.42,1.00
28.10,-2.32,1.00
33.41,-7.86,1.00
8.85,-2.37,1.00
6.98,-19.55,1.00
-15.05,10.32,1.00
10.69,-31.55,1.00
-6.27,-25.71,1.00
5.65,8.76,1.00
-17.15,25.15,1.00
19.20,21.90,1.00
26.07,12.01,1.00
25.82,-21.89,1.00
-14.58,-29.07,1.00
-16.21,25.72,1.00
-11.40,13.89,1.00
9.26,-11.56,1.00
-10.52,14.49,1.00
-1.82,17.29,1.00
3.06,-26.64,1.00
25.88,12.45,1.00
-17.63,-19.05,1.00
4.09,9.78,1.00
22.00,1.82,1.00
29.70,-16.65,1.00
14.16,25.70,1.00
21.53,5.57,1.00
23.62,16.63,1.00
-17.24,-8.71,1.00
-9.24,7.48,1.00
-17.37,-19.31,1.00
-7.20,-18.71,1.00
-24.50,4.67,1.00
-0.28,-32.98,1.00
27.76,6.48,1.00
-0.45,29.86,1.00
-10.61,-7.86,1.00
-24.22,5.76,1.00
9.92,20.88,1.00
28.15,3.80,1.00
-8.28,-18.20,1.00
18.71,12.65,1.00
32.73,-10.11,1.00
-4.74,-12.95,1.00
1.56,17.12,1.00
-17.39,6.31,1.00
13.61,26.02,1.00
4.83,29.29,1.00
-27.97,13.31,1.00
19.29,11.65,1.00
-23.94,-21.45,1.00
13.28,26.20,1.00
5.06,29.24,1.00
-30.94,-6.55,1.00
27.39,-6.08,1.00
0.16,23.55,1.00
6.21,-6.02,1.00
17.23,-21.29,1.00
0.71,-26.72,1.00
19.51,-19.37,1.00
11.36,-17.65,1.00
-4.23,-26.20,1.00
14.55,7.02,1.00
27.94,5.46,1.00
-6.10,9.81,1.00
-14.35,-29.19,1.00
-8.01,15.84,1.00
-4.97,-19.55,1.00
-9.51,-31.28,1.00
-10.10,-31.07,1.00
-28.63,-14.00,1.00
13.34,-16.35,1.00
-0.08,-32.98,1.00
-24.01,19.20,1.00
26.87,9.89,1.00
-1.47,-32.91,1.00
-27.55,14.09,1.00
-1.28,23.58,1.00
12.06,-17.23,1.00
14.79,17.43,1.00
0.75,10.90,1.00
21.99,1.98,1.00
21.44,-3.97,1.00
-18.71,-26.42,1.00
-7.44,-31.90,1.00
28.31,-18.78,1.00
13.92,-15.91,1.00
15.18,25.06,1.00
27.88,-3.83,1.00
-18.08,4.41,1.00
-16.75,-27.79,1.00
-6.87,16.29,1.00
-13.51,27.13,1.00
12.30,-8.74,1.00
-8.92,-10.01,1.00
1.20,29.78,1.00
-18.06,-18.61,1.00
-11.27,21.25,1.00
-26.13,16.41,1.00
21.95,-0.72,1.00
-23.60,-21.85,1.00
28.03,-19.17,1.00
32.39,-11.08,1.00
-13.07,-14.73,1.00
4.23,22.99,1.00
-1.38,29.86,1.00
-4.15,-32.60,1.00
6.11,29.00,1.00
-18.47,24.27,1.00
-10.20,-31.04,1.00
21.81,3.99,1.00
-10.76,-23.98,1.00
-14.49,-21.73,1.00
28.11,4.20,1.00
-3.97,-32.62,1.00
19.52,-19.36,1.00
30.30,-15.61,1.00
-5.30,29.55,1.00
4.07,23.03,1.00
10.23,-25.09,1.00
10.67,-31.56,1.00
25.36,-11.50,1.00
6.85,28.81,1.00
26.26,11.56,1.00
17.19,-12.67,1.00
-0.50,17.30,1.00
8.13,21.73,1.00
14.31,-5.52,1.00
-30.43,-8.87,1.00
6.56,28.89,1.00
11.55,19.93,1.00
14.61,6.87,1.00
-14.00,-29.38,1.00
28.25,-0.52,1.00
34.45,-1.84,1.00
-11.10,-7.02,1.00
-18.44,3.03,1.00
-11.53,4.06,1.00
-12.00,27.77,1.00
15.69,-0.26,1.00
-11.09,-30.70,1.00
-25.15,-0.83,1.00
-18.12,-18.55,1.00
9.44,1.86,1.00
24.16,-13.67,1.00
-13.63,11.95,1.00
-6.53,16.40,1.00
-3.90,-32.64,1.00
-7.80,-31.80,1.00
-3.53,4.12,1.00
-29.46,-11.99,1.00
-0.11,-32.98,1.00
-22.64,-11.99,1.00
27.18,8.87,1.00
-22.51,20.83,1.00
18.64,22.41,1.00
-18.62,15.82,1.00
6.09,-26.23,1.00
6.43,-26.17,1.00
-27.17,-16.86,1.00
-17.70,5.54,1.00
-18.06,24.55,1.00
-31.43,-1.28,1.00
-30.39,7.03,1.00
-31.35,1.26,1.00
-29.99,-10.42,1.00
2.82,23.27,1.00
25.21,-11.81,1.00
-17.15,25.15,1.00
-23.26,20.04,1.00
26.84,-20.71,1.00
31.55,-13.11,1.00
1.25,-26.72,1.00
-20.94,12.88,1.00
-28.80,-13.63,1.00
-10.05,14.78,1.00
-21.97,21.37,1.00
6.13,15.76,1.00
15.47,-22.50,1.00
21.82,-16.93,1.00
-10.71,21.50,1.00
-19.17,-26.06,1.00
-10.28,-24.21,1.00
-25.15,-1.54,1.00
2.48,23.32,1.00
0.19,10.98,1.00
22.01,1.24,1.00
-12.58,-1.85,1.00
1.76,-26.71,1.00
28.28,0.28,1.00
-22.51,20.83,1.00
27.82,-4.12,1.00
8.74,14.27,1.00
-14.76,26.52,1.00
-7.49,-25.33,1.00
-10.75,-7.63,1.00
1.91,-7.86,1.00
-2.18,-20.20,1.00
16.68,24.01,1.00
15.96,-29.44,1.00
29.35,-17.22,1.00
-21.22,22.06,1.00
-5.30,-19.44,1.00
26.18,-9.69,1.00
-15.00,10.38,1.00
-14.98,26.41,1.00
15.52,3.61,1.00
-17.72,24.79,1.00
-17.39,-27.36,1.00
-20.49,-15.65,1.00
-2.16,10.98,1.00
-14.21,19.57,1.00
-28.27,-14.77,1.00
12.01,11.26,1.00
9.25,-1.06,1.00
-5.60,29.51,1.00
0.30,-26.71,1.00
9.46,1.53,1.00
33.35,-8.10,1.00
3.82,-26.57,1.00
12.30,-24.23,1.00
-29.15,10.74,1.00
0.07,-32.99,1.00
1.20,10.82,1.00
20.70,-6.47,1.00
1.45,17.13,1.00
-20.75,13.15,1.00
-12.61,-0.97,1.00
-3.82,10.68,1.00
-0.94,-20.35,1.00
1.01,-33.00,1.00
31.65,-12.88,1.00
-20.88,22.36,1.00
2.62,3.02,1.00
-6.97,29.26,1.00
-0.42,-7.79,1.00
15.16,5.23,1.00
-6.34,-0.51,1.00
13.85,-6.43,1.00
17.78,23.15,1.00
10.96,27.35,1.00
21.36,6.32,1.00
-4.78,29.62,1.00
-25.64,-19.24,1.00
4.93,-13.62,1.00
-12.31,1.69,1.00
21.24,6.79,1.00
10.15,20.76,1.00
-13.57,-14.22,1.00
-16.65,25.47,1.00
10.82,-17.95,1.00
-30.78,5.36,1.00
4.80,-32.78,1.00
-22.34,-12.60,1.00
-3.93,23.40,1.00
-12.61,-1.05,1.00
-14.63,-13.01,1.00
-8.52,-31.60,1.00
-18.57,2.39,1.00
25.99,-10.14,1.00
-25.09,-2.82,1.00
-12.47,-2.87,1.00
-1.71,-32.89,1.00
-3.61,10.73,1.00
20.52,20.58,1.00
30.82,-14.62,1.00
7.14,28.73,1.00
12.86,-16.70,1.00
-7.14,9.21,1.00
9.49,-25.34,1.00
-6.05,29.43,1.00
-4.96,-27.12,2.00
-29.35,12.88,2.00
-27.51,16.22,2.00
5.75,-20.96,2.00
-23.39,-12.84,2.00
-4.43,24.39,2.00
11.90,28.07,2.00
5.70,-7.65,2.00
-18.98,-19.16,2.00
21.32,-7.77,2.00
-10.77,29.33,2.00
10.94,-25.94,2.00
3.27,17.85,2.00
-13.60,0.12,2.00
-14.23,20.81,2.00
-24.05,-22.93,2.00
-14.68,-14.56,2.00
-18.76,-27.68,2.00
-2.41,24.59,2.00
9.13,-12.90,2.00
-7.33,-1.96,2.00
-16.93,9.44,2.00
-6.36,-4.82,2.00
-26.20,-1.22,2.00
17.38,-22.47,2.00
1.63,-27.76,2.00
-12.16,-16.93,2.00
-6.57,10.74,2.00
-13.01,-23.95,2.00
8.86,-4.61,2.00
-11.59,-24.73,2.00
2.63,30.69,2.00
6.22,-7.32,2.00
-12.31,-16.81,2.00
-21.73,-15.70,2.00
-14.24,-23.17,2.00
12.46,-10.15,2.00
-20.25,-17.70,2.00
-20.68,15.01,2.00
-22.00,22.76,2.00
15.34,-23.81,2.00
-8.44,-19.29,2.00
16.47,4.25,2.00
-23.77,-12.05,2.00
6.16,16.89,2.00
10.35,2.89,2.00
9.12,29.20,2.00
16.12,5.68,2.00
-0.40,-21.45,2.00
-3.29,30.82,2.00
-1.72,12.06,2.00
-27.93,-17.62,2.00
-4.95,24.31,2.00
3.41,-27.66,2.00
27.14,-10.13,2.00
-24.37,-22.56,2.00
-18.99,16.95,2.00
16.55,-23.04,2.00
8.32,-26.79,2.00
-17.75,-20.39,2.00
19.68,22.89,2.00
-16.15,-12.74,2.00
15.51,18.18,2.00
10.00,4.27,2.00
-29.56,12.43,2.00
-21.23,14.28,2.00
-6.10,24.10,2.00
-0.00,18.33,2.00
-26.94,17.08,2.00
-0.23,5.80,2.00
1.94,11.72,2.00
7.63,-6.14,2.00
12.70,12.06,2.00
8.77,22.59,2.00
21.20,10.10,2.00
-2.01,18.33,2.00
-19.85,16.01,2.00
16.22,5.34,2.00
-7.73,-19.63,2.00
-2.07,-14.90,2.00
-1.42,-27.66,2.00
9.14,6.25,2.00
-16.87,-11.65,2.00
-9.23,23.22,2.00
-17.74,18.15,2.00
-6.74,-20.04,2.00
-11.88,-24.58,2.00
-5.09,-13.93,2.00
25.43,-13.58,2.00
-31.95,4.82,2.00
-21.07,-25.85,2.00
-19.02,25.16,2.00
3.32,17.83,2.00
-5.14,-6.42,2.00
-26.62,-19.67,2.00
-20.54,15.18,2.00
-13.48,21.26,2.00
-12.36,-6.81,2.00
-30.06,11.27,2.00
-30.57,-12.00,2.00
-10.11,29.54,2.00
13.34,-24.89,2.00
3.07,-21.39,2.00
-32.08,4.05,2.00
-7.46,30.23,2.00
1.26,30.83,2.00
-26.03,1.99,2.00
10.38,-0.70,2.00
-6.98,1.44,2.00
16.44,4.39,2.00
4.57,10.70,2.00
29.04,-3.18,2.00
-5.69,30.55,2.00
-13.83,21.05,2.00
-23.69,-12.23,2.00
18.65,14.64,2.00
-32.47,-0.39,2.00
-23.32,-12.97,2.00
-21.23,-16.43,2.00
-9.28,29.78,2.00
1.89,-21.47,2.00
9.16,-4.13,2.00
28.54,-5.77,2.00
-2.07,30.89,2.00
-3.57,24.50,2.00
20.23,12.12,2.00
0.98,11.92,2.00
-19.21,4.28,2.00
7.65,-13.70,2.00
29.19,-1.96,2.00
-7.15,-12.81,2.00
9.31,-26.50,2.00
22.86,-2.04,2.00
4.14,-0.19,2.00
17.69,-22.24,2.00
22.06,20.43,2.00
-18.11,-9.32,2.00
17.23,16.42,2.00
1.15,-8.96,2.00
16.32,4.92,2.00
14.98,-24.02,2.00
-13.34,-3.88,2.00
15.65,7.09,2.00
14.30,-24.40,2.00
10.17,-1.68,2.00
26.67,-11.20,2.00
-18.80,-19.35,2.00
-7.79,-26.33,2.00
-19.91,-0.20,2.00
-12.88,21.60,2.00
9.87,4.65,2.00
-9.46,16.31,2.00
14.17,-7.94,2.00
1.22,24.53,2.00
-7.72,-26.36,2.00
-22.75,-14.05,2.00
-13.57,0.47,2.00
3.73,-14.97,2.00
8.57,22.68,2.00
-4.62,4.64,2.00
27.97,-7.83,2.00
-26.16,-2.49,2.00
-7.88,-12.31,2.00
-30.93,8.88,2.00
-15.30,20.10,2.00
-17.75,-28.38,2.00
-2.88,-8.06,2.00
13.84,27.09,2.00
10.13,3.83,2.00
-32.41,-3.06,2.00
-9.80,-18.55,2.00
-0.18,-27.74,2.00
22.46,-17.79,2.00
21.93,-18.39,2.00
13.90,-24.61,2.00
1.49,5.28,2.00
16.78,1.52,2.00
20.47,22.13,2.00
23.99,17.95,2.00
18.76,23.70,2.00
3.77,3.08,2.00
-3.45,-7.75,2.00
10.50,1.68,2.00
-16.92,26.52,2.00
17.19,16.46,2.00
27.17,-10.03,2.00
16.77,0.30,2.00
1.54,-27.76,2.00
23.03,-0.23,2.00
-21.54,-25.44,2.00
-10.31,15.85,2.00
-4.84,11.46,2.00
-16.67,19.07,2.00
7.53,-26.99,2.00
-13.62,-0.16,2.00
-13.26,21.39,2.00
28.98,-3.56,2.00
-6.67,10.69,2.00
24.38,17.38,2.00
-15.49,19.96,2.00
2.28,4.81,2.00
-26.20,-0.71,2.00
17.51,24.70,2.00
-20.62,-26.23,2.00
-20.47,-26.36,2.00
16.60,-14.90,2.00
-5.48,-6.05,2.00
-27.66,-18.08,2.00
16.78,1.56,2.00
-31.00,-10.70,2.00
-28.95,-15.76,2.00
-19.70,-3.98,2.00
28.88,6.16,2.00
-17.08,-21.00,2.00
-3.26,30.83,2.00
-31.10,-10.39,2.00
15.00,-6.50,2.00
14.75,-16.59,2.00
26.49,-11.57,2.00
-26.20,-1.15,2.00
-32.38,-3.56,2.00
23.06,1.33,2.00
-22.06,-15.19,2.00
8.88,6.69,2.00
15.69,6.99,2.00
-11.16,6.79,2.00
28.44,8.21,2.00
-4.14,4.96,2.00
-32.39,-3.46,2.00
2.32,30.73,2.00
6.41,-27.24,2.00
-7.39,-0.60,2.00
4.94,17.36,2.00
-13.65,-1.07,2.00
21.05,-19.32,2.00
10.33,-1.01,2.00
-23.58,21.23,2.00
-19.58,16.31,2.00
-1.86,12.05,2.00
21.78,8.59,2.00
-13.23,-4.36,2.00
19.68,-10.96,2.00
22.20,-18.09,2.00
15.00,-24.01,2.00
-15.31,-13.82,2.00
-15.10,-14.08,2.00
10.31,3.08,2.00
6.93,9.03,2.00
1.90,-8.91,2.00
10.46,2.08,2.00
2.63,-21.43,2.00
12.22,27.92,2.00
-17.45,-10.65,2.00
4.01,24.11,2.00
-20.21,-17.76,2.00
-26.09,1.33,2.00
-13.59,0.33,2.00
-21.52,-16.01,2.00
-4.70,24.35,2.00
29.33,0.20,2.00
4.65,-27.53,2.00
16.64,17.07,2.00
-30.82,-11.26,2.00
3.32,17.83,2.00
21.04,-19.34,2.00
13.78,-8.52,2.00
-1.77,-27.63,2.00
9.13,15.27,2.00
15.11,-6.27,2.00
-5.44,-20.50,2.00
2.55,24.37,2.00
7.41,-27.02,2.00
-18.57,6.20,2.00
1.13,-21.49,2.00
29.04,5.20,2.00
-19.54,-4.90,2.00
9.06,-4.29,2.00
-0.54,-8.82,2.00
-13.63,-0.28,2.00
19.72,13.00,2.00
2.09,-21.46,2.00
4.40,-27.56,2.00
2.86,11.44,2.00
-6.45,-13.25,2.00
-28.00,-17.50,2.00
20.06,-10.33,2.00
-30.72,9.52,2.00
14.77,9.01,2.00
-23.82,-23.18,2.00
-12.48,4.50,2.00
25.93,14.76,2.00
-24.49,-22.43,2.00
13.37,19.95,2.00
12.09,20.83,2.00
0.88,-15.22,2.00
-24.19,-11.09,2.00
11.97,12.87,2.00
23.20,-16.89,2.00
18.35,15.04,2.00
15.26,8.02,2.00
21.75,8.67,2.00
-6.69,2.13,2.00
1.86,11.74,2.00
-0.70,12.08,2.00
4.87,-21.14,2.00
22.92,-17.23,2.00
3.78,-8.52,2.00
0.86,5.54,2.00
-12.11,-7.34,2.00
-32.48,-1.18,2.00
-13.14,28.43,2.00
11.67,-18.68,2.00
-6.70,-13.10,2.00
-12.75,-16.44,2.00
-32.47,-0.20,2.00
-11.97,-24.53,2.00
19.28,13.71,2.00
11.60,-18.72,2.00
-25.88,18.55,2.00
-26.78,-19.43,2.00
26.24,14.17,2.00
3.66,30.56,2.00
-18.02,7.47,2.00
-32.44,-2.68,2.00
22.80,4.47,2.00
3.25,-15.05,2.00
-25.96,-4.56,2.00
9.04,-26.58,2.00
22.55,-3.82,2.00
-3.76,-20.96,2.00
18.53,-21.60,2.00
3.96,17.67,2.00
10.18,-26.21,2.00
-25.01,6.78,2.00
-18.82,-7.54,2.00
5.19,-27.45,2.00
-2.54,-8.22,2.00
-17.46,18.40,2.00
-26.00,-4.19,2.00
-10.77,15.57,2.00
-12.13,-16.95,2.00
-11.81,28.97,2.00
-21.53,-15.99,2.00
-13.64,-23.56,2.00
-2.59,11.98,2.00
13.73,10.72,2.00
23.99,-15.83,2.00
16.44,-23.12,2.00
23.06,1.18,2.00
-4.58,-6.95,2.00
2.23,-8.87,2.00
6.48,9.43,2.00
-12.45,28.72,2.00
-13.65,-0.96,2.00
-4.60,-27.20,2.00
-25.32,5.73,2.00
26.02,-12.51,2.00
-25.92,2.78,2.00
3.32,-15.04,2.00
27.62,-8.86,2.00
-26.01,-4.11,2.00
-16.36,19.31,2.00
26.15,-12.26,2.00
-19.31,3.91,2.00
10.44,-0.31,2.00
6.62,9.31,2.00
-19.75,-3.64,2.00
15.42,7.66,2.00
29.23,-1.54,2.00
-24.45,-10.44,2.00
2.84,11.45,2.00
24.16,-15.58,2.00
-30.73,9.49,2.00
8.28,29.48,2.00
3.40,-27.67,2.00
26.70,13.19,2.00
-11.33,-8.67,2.00
9.57,-3.35,2.00
29.22,-1.66,2.00
-23.01,-24.03,2.00
12.95,11.76,2.00
-22.06,13.08,2.00
9.38,5.80,2.00
-21.83,13.42,2.00
22.95,3.25,2.00
12.84,11.90,2.00
-23.00,11.49,2.00
-6.81,-26.64,2.00
-29.89,11.67,2.00
25.23,16.02,2.00
-25.75,-20.87,2.00
22.98,-0.94,2.00
-13.36,-3.82,2.00
15.01,-16.37,2.00
22.27,20.19,2.00
16.10,-3.75,2.00
2.16,-15.17,2.00
-11.23,-24.91,2.00
-31.99,-6.62,2.00
14.71,-16.61,2.00
15.27,-23.85,2.00
12.36,-18.28,2.00
-14.72,-14.52,2.00
-13.52,0.86,2.00
-4.53,4.70,2.00
-10.31,7.86,2.00
23.03,-0.11,2.00
26.77,-10.98,2.00
4.27,-8.35,2.00
16.74,2.19,2.00
-7.29,-2.26,2.00
3.67,30.55,2.00
0.87,-21.49,2.00
-9.49,16.29,2.00
24.95,16.49,2.00
-6.58,17.49,2.00
-7.58,17.14,2.00
-32.47,-0.29,2.00
-5.21,-13.88,2.00
-5.23,-6.33,2.00
-30.83,-11.22,2.00
-17.78,7.94,2.00
16.65,-14.85,2.00
20.65,21.95,2.00
-12.17,-16.92,2.00
-2.73,11.96,2.00
23.39,18.78,2.00
-13.11,2.78,2.00
12.50,-10.11,2.00
-13.49,-3.06,2.00
16.74,2.19,2.00
14.50,9.50,2.00
25.98,-12.60,2.00
2.95,11.41,2.00
0.69,-27.77,2.00
-29.74,12.03,2.00
-17.84,-20.31,2.00
-18.46,-8.51,2.00
0.44,30.88,2.00
-26.51,17.70,2.00
10.43,21.80,2.00
-22.50,12.38,2.00
-25.76,3.79,2.00
-13.51,0.98,2.00
-3.91,-20.92,2.00
14.45,26.74,2.00
-3.23,24.53,2.00
-32.43,-2.71,2.00
-22.55,-14.38,2.00
26.05,14.54,2.00
9.81,14.78,2.00
-21.26,14.25,2.00
14.90,26.48,2.00
-10.44,-9.88,2.00
-13.69,21.14,2.00
-23.90,-11.76,2.00
7.48,-13.78,2.00
-14.99,-22.65,2.00
10.03,-2.15,2.00
26.03,14.58,2.00
-19.85,-2.68,2.00
15.16,18.51,2.00
1.11,-21.49,2.00
-19.80,-3.23,2.00
-21.91,-25.10,2.00
-19.24,25.00,2.00
-16.72,9.78,2.00
-7.02,-12.90,2.00
-8.36,23.51,2.00
-13.60,-2.11,2.00
-8.94,-25.92,2.00
15.13,8.31,2.00
2.20,11.65,2.00
-5.66,3.68,2.00
-9.82,29.63,2.00
-13.12,-4.77,2.00
11.87,-18.57,2.00
3.89,11.04,2.00
-9.58,8.61,2.00
-2.97,-21.12,2.00
-4.59,-14.14,2.00
23.89,-15.97,2.00
-12.32,4.84,2.00
28.37,-6.45,2.00
-0.59,30.91,2.00
8.82,6.79,2.00
-4.15,-7.29,2.00
10.39,21.82,2.00
-25.52,-6.91,2.00
8.99,-26.60,2.00
16.89,16.79,2.00
-15.05,20.27,2.00
-17.77,18.12,2.00
22.17,-18.12,2.00
-9.07,-11.32,2.00
-5.54,3.82,2.00
2.98,24.30,2.00
-31.20,-10.03,2.00
-6.85,1.77,2.00
-23.33,-12.97,2.00
10.22,21.90,2.00
-27.00,16.99,2.00
-6.35,2.75,2.00
-3.95,-27.32,2.00
-5.66,-26.96,2.00
-21.22,23.45,2.00
-11.91,22.10,2.00
12.32,-25.37,2.00
16.11,-15.39,2.00
7.15,29.81,2.00
9.51,-26.44,2.00
-4.57,11.55,2.00
-13.48,-3.17,2.00
-8.23,-12.04,2.00
-10.64,7.47,2.00
15.71,6.92,2.00
19.75,-10.86,2.00
2.04,-27.75,2.00
-18.51,-8.38,2.00
-3.31,24.52,2.00
9.91,28.91,2.00
-21.56,23.16,2.00
18.60,-21.54,2.00
3.05,30.64,2.00
-18.46,6.46,2.00
22.83,19.50,2.00
-30.83,9.21,2.00
-4.99,-6.57,2.00
23.06,0.64,2.00
13.06,11.63,2.00
10.16,21.94,2.00
-22.09,-15.14,2.00
15.74,-4.81,2.00
-17.23,26.34,2.00
5.99,16.96,2.00
22.11,-18.19,2.00
-6.30,30.45,2.00
-32.41,1.07,2.00
-30.89,-11.06,2.00
7.03,-27.11,2.00
-18.41,-19.76,2.00
-25.98,-4.38,2.00
14.19,19.33,2.00
-10.27,-18.27,2.00
-5.03,4.31,2.00
29.25,-1.29,2.00
7.24,-20.57,2.00
-6.81,17.42,2.00
26.50,13.62,2.00
-3.55,-27.39,2.00
-29.49,12.58,2.00
-12.74,3.89,2.00
1.14,-21.49,2.00
-25.37,5.51,2.00
-12.89,-16.33,2.00
-15.35,-13.78,2.00
14.62,18.97,2.00
10.49,0.20,2.00
-4.86,-6.70,2.00
-0.18,30.90,2.00
3.95,2.71,2.00
18.30,-21.79,2.00
23.06,0.61,2.00
-27.90,-17.67,2.00
15.22,26.28,2.00
10.26,-19.41,2.00
7.32,-20.55,2.00
-12.93,3.35,2.00
-8.28,-19.37,2.00
14.56,-7.31,2.00
-19.56,2.76,2.00
-22.17,12.91,2.00
-11.26,29.16,2.00
1.23,11.88,2.00
5.37,30.24,2.00
-31.43,7.18,2.00
16.63,3.29,2.00
13.52,-8.88,2.00
28.20,9.10,2.00
-4.89,4.42,2.00
12.07,20.84,2.00
-5.84,3.47,2.00
16.38,25.51,2.00
-6.61,2.28,2.00
-7.06,-12.87,2.00
10.64,14.12,2.00
-18.03,-28.19,2.00
18.97,-12.05,2.00
10.52,0.71,2.00
8.77,15.50,2.00
15.67,-15.80,2.00
18.81,-12.27,2.00
-11.23,6.70,2.00
2.92,4.25,2.00
12.66,27.71,2.00
12.32,12.49,2.00
8.57,7.16,2.00
5.41,-21.03,2.00
21.85,-6.34,2.00
-5.63,24.19,2.00
29.08,4.88,2.00
23.63,18.46,2.00
19.76,12.93,2.00
-21.63,23.10,2.00
9.79,4.86,2.00
-12.39,-16.75,2.00
-10.53,-18.10,2.00
21.13,-19.25,2.00
-2.73,30.86,2.00
25.14,-14.07,2.00
-6.14,10.95,2.00
-25.68,-6.18,2.00
2.15,24.43,2.00
-24.85,-9.30,2.00
1.10,5.45,2.00
-11.32,15.22,2.00
3.15,-8.70,2.00
3.06,-21.39,2.00
29.16,4.23,2.00
-5.02,17.91,2.00
-23.00,-13.59,2.00
-18.81,-19.34,2.00
8.12,15.90,2.00
18.03,15.46,2.00
-12.99,-5.21,2.00
10.39,-0.67,2.00
22.04,20.46,2.00
3.35,-15.03,2.00
-12.41,4.65,2.00
-28.52,-16.57,2.00
5.40,-7.82,2.00
7.94,-26.89,2.00
-2.90,-21.13,2.00
-0.07,-15.18,2.00
-3.29,18.21,2.00
27.17,-10.05,2.00
-7.99,30.11,2.00
-1.05,18.35,2.00
-15.66,-13.39,2.00
14.83,-16.51,2.00
6.72,29.93,2.00
29.29,-0.63,2.00
15.81,-4.62,2.00
-14.91,20.36,2.00
28.44,8.23,2.00
16.72,16.98,2.00
-19.98,15.85,2.00
16.31,-2.94,2.00
-4.04,-27.31,2.00
10.51,0.60,2.00
-9.66,-18.63,2.00
10.65,-19.22,2.00
-24.22,-11.01,2.00
-31.83,-7.46,2.00
16.78,0.76,2.00
-15.49,19.96,2.00
18.52,23.90,2.00
-25.23,-8.06,2.00
28.37,-6.45,2.00
-8.94,9.18,2.00
2.37,30.72,2.00
-18.89,5.31,2.00
22.52,-3.95,2.00
8.03,7.87,2.00
10.60,-26.06,2.00
-3.72,30.79,2.00
14.79,18.83,2.00
-0.64,12.08,2.00
-1.60,12.07,2.00
-8.56,9.48,2.00
9.73,22.15,2.00
-20.69,-17.14,2.00
-6.89,-3.71,2.00
8.65,-4.93,2.00
-22.34,-24.69,2.00
-12.54,14.34,2.00
17.45,16.17,2.00
-17.59,-20.54,2.00
22.56,-17.67,2.00
-5.37,11.27,2.00
-5.49,11.23,2.00
-29.97,11.48,2.00
-19.91,-1.64,2.00
25.32,-13.78,2.00
20.65,-19.73,2.00
19.92,12.67,2.00
5.09,10.41,2.00
-23.56,21.25,2.00
3.04,30.64,2.00
21.70,-6.79,2.00
22.47,6.18,2.00
-16.24,19.40,2.00
-0.97,-21.40,2.00
4.77,23.94,2.00
18.79,14.43,2.00
-10.12,15.95,2.00
-16.35,26.86,2.00
0.14,-8.92,2.00
-8.41,-19.30,2.00
27.24,11.92,2.00
14.02,19.46,2.00
24.20,17.65,2.00
15.23,18.45,2.00
-21.21,-25.73,2.00
-21.34,23.35,2.00
3.81,3.01,2.00
18.02,15.46,2.00
-8.98,29.86,2.00
-16.80,-11.76,2.00
26.59,-11.36,2.00
18.18,-13.11,2.00
2.65,11.51,2.00
-19.47,3.20,2.00
-19.17,4.40,2.00
-6.53,-26.73,2.00
-32.09,3.98,2.00
18.27,-21.81,2.00
-19.92,-1.06,2.00
8.54,-26.73,2.00
8.33,7.50,2.00
-2.60,-21.19,2.00
8.99,-12.98,2.00
13.48,-24.83,2.00
-2.58,-27.54,2.00
-13.47,-15.80,2.00
3.99,-14.92,2.00
-8.86,-11.52,2.00
14.02,10.29,2.00
-19.69,-4.04,2.00
-15.00,27.58,2.00
-11.14,6.83,2.00
-3.09,-14.65,2.00
-5.29,-20.55,2.00
-25.02,-8.77,2.00
5.49,-7.77,2.00
11.02,13.79,2.00
3.33,30.60,2.00
-2.16,-27.59,2.00
-14.11,-15.17,2.00
-7.88,9.97,2.00
-19.89,-2.09,2.00
11.31,13.52,2.00
21.00,-19.38,2.00
-16.16,10.58,2.00
5.48,-27.41,2.00
16.10,-15.39,2.00
-14.67,-14.57,2.00
24.34,17.45,2.00
6.62,-14.15,2.00
22.36,6.66,2.00
-25.99,2.28,2.00
-19.90,-0.05,2.00
19.32,-20.94,2.00
-31.01,8.63,2.00
10.52,1.21,2.00
4.45,-14.82,2.00
2.42,24.39,2.00
19.47,23.08,2.00
-17.46,-20.66,2.00
-4.40,4.79,2.00
-19.54,-4.87,2.00
-6.90,-26.62,2.00
10.58,-26.07,2.00
15.37,18.32,2.00
4.29,-8.34,2.00
-18.68,-19.48,2.00
5.11,23.86,2.00
25.73,-13.06,2.00
5.55,-21.00,2.00
2.40,30.72,2.00
-18.11,7.26,2.00
-12.19,28.82,2.00
-0.68,5.84,2.00
28.88,6.16,2.00
6.76,29.92,2.00
7.39,-27.03,2.00
-27.73,15.86,2.00
13.81,-8.47,2.00
-13.91,-15.37,2.00
15.93,6.32,2.00
-2.46,30.87,2.00
29.13,-2.49,2.00
-14.74,27.70,2.00
-15.50,-13.60,2.00
-9.97,-10.42,2.00
-28.23,-17.11,2.00
23.02,2.43,2.00
26.79,-10.92,2.00
-6.72,-26.67,2.00
-13.10,-4.85,2.00
-2.07,30.89,2.00
-25.22,-21.55,2.00
-28.74,-16.17,2.00
-18.56,-8.27,2.00
-32.02,4.46,2.00
-13.54,0.70,2.00
-32.43,-2.78,2.00
-1.81,-8.50,2.00
14.63,-16.68,2.00
-1.45,30.91,2.00
25.93,-12.68,2.00
24.49,-15.10,2.00
-5.74,17.73,2.00
19.11,-11.84,2.00
-26.20,-0.95,2.00
4.83,-21.15,2.00
4.09,24.10,2.00
-13.77,21.09,2.00
8.33,29.46,2.00
25.61,-13.26,2.00
-3.43,-27.41,2.00
-6.07,-5.28,2.00
-9.40,-11.02,2.00
-22.32,22.48,2.00
28.56,7.72,2.00
3.86,-14.95,2.00
9.47,-3.55,2.00
-5.98,-13.50,2.00
1.52,30.81,2.00
-26.89,-19.27,2.00
29.32,2.12,2.00
24.69,16.91,2.00
-7.40,-1.11,2.00
-17.33,26.28,2.00
7.52,-26.99,2.00
-15.00,-14.20,2.00
7.40,23.14,2.00
-31.68,-8.18,2.00
4.50,-8.25,2.00
9.78,-12.47,2.00
-11.32,-8.68,2.00
-12.79,21.65,2.00
14.42,9.63,2.00
10.23,3.45,2.00
-0.75,24.63,2.00
2.13,30.75,2.00
7.94,-26.89,2.00
-5.74,-5.73,2.00
-1.07,-8.71,2.00
-12.71,21.69,2.00
-13.31,-4.04,2.00
19.72,-20.60,2.00
10.07,14.59,2.00
22.80,-2.42,2.00
-21.25,-16.39,2.00
-27.00,-19.11,2.00
12.09,-10.54,2.00
-29.93,11.59,2.00
-14.36,-14.91,2.00
-6.39,-13.28,2.00
19.00,-12.00,2.00
-0.64,30.91,2.00
-2.00,-8.43,2.00
-13.64,-1.48,2.00
-26.20,-1.16,2.00
14.42,-16.85,2.00
16.89,16.80,2.00
9.44,29.08,2.00
-3.57,-14.51,2.00
-19.92,-0.50,2.00
14.92,-6.65,2.00
0.57,11.98,2.00
-5.77,24.16,2.00
16.32,-2.91,2.00
-28.17,15.12,2.00
-0.59,-8.82,2.00
-26.11,18.25,2.00
-26.18,0.02,2.00
-11.10,29.22,2.00
-7.40,-0.96,2.00
-19.15,-6.49,2.00
6.62,23.41,2.00
16.73,-0.38,2.00
19.53,-11.21,2.00
-7.39,-1.21,2.00
-26.17,0.32,2.00
-32.29,2.48,2.00
10.35,2.89,2.00
-0.82,30.91,2.00
29.21,-1.77,2.00
15.77,6.77,2.00
-2.43,24.59,2.00
-19.28,4.01,2.00
-22.56,-14.37,2.00
16.40,-2.58,2.00
22.37,-4.59,2.00
23.34,18.86,2.00
20.52,11.55,2.00
3.53,-27.65,2.00
-21.66,23.08,2.00
-32.46,-1.95,2.00
-23.02,-24.02,2.00
-21.14,23.52,2.00
11.69,13.15,2.00
14.30,-16.94,2.00
-2.97,-21.12,2.00
-10.62,-9.66,2.00
10.43,-0.40,2.00
-14.45,12.61,2.00
-10.28,29.49,2.00
-4.71,-6.83,2.00
16.63,-1.30,2.00
-15.86,-13.13,2.00
-9.75,-25.59,2.00
-22.41,12.52,2.00
20.88,21.72,2.00
10.49,-26.10,2.00
-23.44,21.37,2.00
13.43,19.91,2.00
-11.67,22.21,2.00
1.39,30.82,2.00
4.30,1.22,2.00
12.09,12.75,2.00
16.75,2.10,2.00
-21.94,13.26,2.00
23.46,-16.54,2.00
7.70,16.14,2.00
4.06,24.10,2.00
28.43,-6.22,2.00
24.88,-14.49,2.00
20.05,12.43,2.00
19.30,-20.96,2.00
-21.18,14.35,2.00
9.95,4.44,2.00
-31.33,-9.58,2.00
-26.12,-20.37,2.00
-6.34,-13.31,2.00
18.01,-13.32,2.00
-21.46,-16.09,2.00
-23.68,10.18,2.00
-3.01,-21.11,2.00
-27.95,15.49,2.00
5.45,-27.41,2.00
-7.08,10.47,2.00
1.40,-27.77,2.00
16.76,0.12,2.00
7.55,8.43,2.00
-10.50,-18.12,2.00
1.72,-8.93,2.00
-12.33,-6.90,2.00
22.77,4.67,2.00
-23.58,-23.43,2.00
-0.84,30.91,2.00
0.31,5.70,2.00
-14.66,27.74,2.00
-8.91,16.58,2.00
12.34,-10.28,2.00
-18.58,6.18,2.00
-8.32,23.52,2.00
15.20,18.47,2.00
-17.89,-20.26,2.00
-3.84,-14.42,2.00
-3.25,-21.07,2.00
-25.92,2.83,2.00
14.83,26.52,2.00
-6.33,-20.19,2.00
0.47,30.87,2.00
17.66,-13.75,2.00
-32.32,-4.24,2.00
-14.69,12.36,2.00
-6.25,-20.22,2.00
-7.46,-26.44,2.00
-25.99,2.33,2.00
-13.02,-16.21,2.00
14.53,19.05,2.00
-1.40,-27.66,2.00
5.78,-7.60,2.00
-24.68,-9.82,2.00
29.15,-2.30,2.00
21.68,20.86,2.00
16.47,-2.24,2.00
-13.11,-23.89,2.00
27.05,-10.32,2.00
3.05,11.38,2.00
10.39,-0.64,2.00
-22.10,22.68,2.00
-9.85,-18.52,2.00
18.16,-21.89,2.00
-21.52,13.88,2.00
-18.28,-8.95,2.00
-16.15,-12.73,2.00
-28.45,14.62,2.00
22.73,4.89,2.00
15.26,18.42,2.00
-24.99,-21.83,2.00
15.72,-15.75,2.00
-5.81,-20.38,2.00
9.60,5.32,2.00
4.10,-21.27,2.00
2.47,-15.15,2.00
-13.36,1.80,2.00
-6.73,-20.05,2.00
-7.89,-12.30,2.00
-18.13,7.23,2.00
11.00,-25.91,2.00
0.97,30.85,2.00
-17.44,8.58,2.00
-13.46,-15.81,2.00
26.95,-10.56,2.00
26.43,13.76,2.00
16.29,-4.84,3.00
8.83,23.14,3.00
-2.75,12.48,3.00
6.83,-7.52,3.00
28.29,10.57,3.00
0.34,-28.28,3.00
10.11,-3.40,3.00
2.58,24.90,3.00
17.40,17.01,3.00
22.19,9.00,3.00
-5.85,4.24,3.00
-26.17,19.03,3.00
-12.77,29.15,3.00
-27.40,17.33,3.00
14.20,19.98,3.00
-2.34,12.53,3.00
5.10,-27.99,3.00
-22.43,23.08,3.00
16.84,5.00,3.00
9.47,15.67,3.00
12.47,-18.82,3.00
-14.06,0.77,3.00
-3.20,25.06,3.00
13.57,-18.11,3.00
7.72,30.19,3.00
6.64,-14.70,3.00
-13.76,-4.38,3.00
23.50,2.98,3.00
20.07,13.43,3.00
-8.37,-19.91,3.00
15.39,-6.88,3.00
12.93,20.90,3.00
-26.72,18.30,3.00
17.13,3.49,3.00
9.72,15.49,3.00
-5.41,4.66,3.00
13.18,28.03,3.00
13.21,12.26,3.00
-1.60,-9.11,3.00
14.83,-24.71,3.00
-13.51,28.85,3.00
0.76,-22.01,3.00
-11.54,15.70,3.00
-16.28,-22.34,3.00
2.50,-15.67,3.00
5.70,24.24,3.00
23.54,2.40,3.00
-12.63,22.32,3.00
27.43,12.82,3.00
-18.14,-20.74,3.00
10.20,29.36,3.00
11.35,14.20,3.00
17.28,-0.02,3.00
-7.44,-13.25,3.00
4.28,-1.18,3.00
-25.49,-9.03,3.00
-19.76,-6.26,3.00
-13.97,-3.39,3.00
16.85,4.95,3.00
-9.84,-11.31,3.00
-11.43,-9.45,3.00
12.51,-10.86,3.00
10.71,3.67,3.00
9.37,22.90,3.00
27.24,13.28,3.00
-18.83,6.94,3.00
-5.24,31.15,3.00
-18.22,-20.66,3.00
28.96,8.28,3.00
-11.42,29.66,3.00
-1.85,-28.15,3.00
22.30,-18.76,3.00
6.46,-7.78,3.00
-7.17,-13.42,3.00
-6.16,18.16,3.00
-15.31,12.45,3.00
19.47,-12.24,3.00
10.85,3.02,3.00
-18.28,8.11,3.00
6.04,-8.06,3.00
-10.77,16.18,3.00
-24.78,-11.03,3.00
0.41,-3.24,3.00
9.20,15.85,3.00
5.88,-8.15,3.00
-6.06,-27.39,3.00
26.05,15.64,3.00
-30.75,10.96,3.00
-23.61,11.47,3.00
11.36,-11.92,3.00
12.72,-10.64,3.00
23.57,1.87,3.00
-14.53,28.38,3.00
-25.74,6.18,3.00
-10.27,-10.87,3.00
20.24,13.15,3.00
-6.94,-20.53,3.00
16.34,26.18,3.00
8.76,7.79,3.00
8.04,-14.09,3.00
18.02,-22.65,3.00
-29.69,13.37,3.00
29.82,-0.61,3.00
-4.17,24.95,3.00
29.84,-0.21,3.00
-18.52,-9.69,3.00
16.08,-5.39,3.00
10.25,-19.99,3.00
4.99,17.89,3.00
-26.69,-2.29,3.00
-7.04,30.85,3.00
-22.40,-15.63,3.00
26.30,-13.10,3.00
-8.95,30.41,3.00
4.94,-28.02,3.00
16.38,-15.85,3.00
10.13,-26.78,3.00
-32.48,4.85,3.00
-21.68,-16.69,3.00
2.42,-28.26,3.00
-6.99,11.11,3.00
29.73,3.82,3.00
-13.51,28.85,3.00
9.87,-3.91,3.00
-10.11,30.09,3.00
18.31,-22.44,3.00
17.30,1.45,3.00
-6.77,3.06,3.00
-15.33,20.71,3.00
-9.17,9.67,3.00
11.05,29.02,3.00
-26.71,-1.83,3.00
-7.91,-0.74,3.00
-4.34,-14.80,3.00
-25.17,7.95,3.00
16.84,17.61,3.00
6.40,17.35,3.00
-13.29,-16.67,3.00
17.07,-1.85,3.00
-32.95,0.83,3.00
9.76,29.53,3.00
9.52,-26.98,3.00
17.07,-1.87,3.00
10.92,-0.64,3.00
10.75,3.51,3.00
10.64,29.19,3.00
10.94,-12.26,3.00
-4.16,-7.91,3.00
-21.21,15.18,3.00
15.73,-24.19,3.00
-1.58,31.43,3.00
23.22,-3.14,3.00
-2.06,-28.13,3.00
-7.28,-4.13,3.00
-1.10,18.88,3.00
10.72,-1.62,3.00
-11.08,-18.37,3.00
-1.71,-15.50,3.00
23.32,4.50,3.00
16.45,-4.38,3.00
-5.93,-14.12,3.00
-18.77,17.91,3.00
22.83,-4.91,3.00
-17.82,-11.06,3.00
-1.85,-21.83,3.00
-21.34,24.03,3.00
-21.99,14.12,3.00
-0.38,-15.68,3.00
15.46,8.82,3.00
1.50,18.71,3.00
-5.71,-27.48,3.00
21.77,10.08,3.00
5.49,-15.09,3.00
-9.35,23.73,3.00
13.36,27.94,3.00
-2.16,12.55,3.00
-32.64,3.89,3.00
-5.67,24.72,3.00
7.17,-7.26,3.00
-11.34,29.69,3.00
-24.82,-10.93,3.00
16.95,4.52,3.00
4.81,0.97,3.00
28.72,9.18,3.00
-3.08,-15.20,3.00
-4.10,31.28,3.00
16.43,6.46,3.00
-2.71,18.80,3.00
3.45,-21.88,3.00
23.71,19.23,3.00
-19.01,-8.54,3.00
-23.03,-14.59,3.00
4.53,-28.07,3.00
4.05,31.02,3.00
-17.80,26.60,3.00
14.89,27.09,3.00
14.86,-17.16,3.00
6.05,24.14,3.00
-7.77,24.23,3.00
23.35,-2.33,3.00
-5.98,31.03,3.00
26.92,-11.89,3.00
11.00,1.92,3.00
-32.51,4.67,3.00
-5.93,-14.11,3.00
14.78,10.06,3.00
-12.95,4.74,3.00
16.17,7.20,3.00
-19.62,-6.75,3.00
-29.84,13.07,3.00
-13.89,-3.83,3.00
-21.66,14.58,3.00
12.84,-18.59,3.00
-12.48,22.40,3.00
-4.83,-7.41,3.00
-3.67,18.69,3.00
11.03,0.53,3.00
18.89,-13.04,3.00
5.42,30.77,3.00
29.46,5.91,3.00
14.98,27.04,3.00
-11.41,-18.14,3.00
21.81,10.00,3.00
17.06,3.90,3.00
-20.63,15.90,3.00
12.13,-19.02,3.00
23.46,3.39,3.00
10.86,22.16,3.00
-9.30,23.75,3.00
19.28,-12.52,3.00
29.04,-5.94,3.00
-6.88,-20.55,3.00
-7.82,-2.24,3.00
27.80,11.94,3.00
23.28,-2.74,3.00
22.52,-5.99,3.00
-11.82,-8.88,3.00
10.57,-19.84,3.00
-10.59,8.33,3.00
-7.91,-0.77,3.00
-27.03,17.87,3.00
16.45,6.40,3.00
-7.37,10.90,3.00
-16.60,-22.09,3.00
-19.44,-7.35,3.00
-24.91,8.66,3.00
-8.22,-26.74,3.00
-24.66,-11.32,3.00
12.18,-11.18,3.00
26.21,-13.27,3.00
4.90,-8.65,3.00
27.31,-11.04,3.00
-14.17,-1.30,3.00
-8.93,-19.63,3.00
3.17,-2.51,3.00
-14.16,-1.59,3.00
-20.40,-18.35,3.00
13.95,-25.17,3.00
-3.99,31.29,3.00
-1.21,-21.90,3.00
-21.71,14.52,3.00
23.58,1.08,3.00
-1.91,6.29,3.00
13.02,-18.48,3.00
-16.02,-22.54,3.00
-20.72,-17.95,3.00
4.79,17.96,3.00
12.55,28.35,3.00
22.58,-18.45,3.00
22.32,20.93,3.00
-17.19,26.97,3.00
14.91,-7.73,3.00
-2.72,-28.05,3.00
-7.79,-2.43,3.00
-0.61,18.87,3.00
23.12,-3.65,3.00
-20.40,-2.36,3.00
-2.19,-15.41,3.00
-11.95,-25.13,3.00
-11.63,29.59,3.00
10.08,5.54,3.00
13.38,-9.90,3.00
8.98,15.99,3.00
-23.32,-14.09,3.00
-16.35,-13.34,3.00
20.54,-20.56,3.00
10.81,3.24,3.00
17.80,-14.38,3.00
5.21,17.82,3.00
20.91,11.95,3.00
-7.20,11.00,3.00
11.98,-19.10,3.00
20.14,13.32,3.00
-18.28,8.12,3.00
4.10,24.63,3.00
-4.26,-27.80,3.00
-24.29,-12.17,3.00
-20.18,2.30,3.00
7.64,-6.85,3.00
27.75,12.07,3.00
-12.09,29.42,3.00
14.67,-8.12,3.00
-0.94,-2.63,3.00
22.69,-5.40,3.00
-23.14,12.31,3.00
-26.11,-6.69,3.00
-19.43,17.25,3.00
-20.12,-18.67,3.00
5.60,-27.92,3.00
25.49,16.60,3.00
-6.60,24.52,3.00
-6.24,3.81,3.00
-15.14,28.09,3.00
-2.79,-21.69,3.00
20.03,-11.40,3.00
-24.06,10.59,3.00
12.47,13.11,3.00
-3.59,31.32,3.00
-25.42,-9.25,3.00
-6.06,11.56,3.00
-19.51,-7.13,3.00
5.82,-14.99,3.00
10.73,-19.77,3.00
2.07,-15.70,3.00
10.48,4.50,3.00
-9.37,16.93,3.00
-6.56,11.33,3.00
-6.85,2.93,3.00
23.33,4.43,3.00
-19.81,16.83,3.00
-3.26,-15.15,3.00
-19.55,4.98,3.00
15.28,-16.82,3.00
17.30,1.54,3.00
-16.55,10.94,3.00
16.62,5.83,3.00
-24.56,-11.57,3.00
-15.41,-14.52,3.00
19.62,-12.03,3.00
16.88,4.84,3.00
-8.52,24.01,3.00
-3.61,-21.52,3.00
16.70,-15.54,3.00
3.86,-15.48,3.00
21.31,11.13,3.00
-0.78,-21.94,3.00
12.13,21.42,3.00
20.37,12.93,3.00
-5.27,-27.59,3.00
-18.57,7.53,3.00
13.06,-10.27,3.00
-8.47,30.53,3.00
-13.70,-16.30,3.00
29.81,2.68,3.00
11.12,28.99,3.00
-26.21,-6.20,3.00
21.24,-19.88,3.00
2.57,31.23,3.00
23.33,4.48,3.00
-0.39,-21.97,3.00
3.16,-28.21,3.00
-8.29,24.08,3.00
4.43,-8.84,3.00
29.75,-1.53,3.00
-0.25,-15.69,3.00
6.73,-14.67,3.00
14.02,27.59,3.00
29.85,0.12,3.00
27.10,-11.51,3.00
-30.78,10.88,3.00
-16.56,27.33,3.00
-3.82,12.29,3.00
20.31,-10.93,3.00
-0.90,18.88,3.00
6.18,30.60,3.00
-7.95,10.55,3.00
-6.99,-4.76,3.00
-30.58,11.37,3.00
-1.24,25.15,3.00
8.96,16.00,3.00
-14.35,13.45,3.00
-8.45,10.22,3.00
-32.54,4.50,3.00
15.62,26.64,3.00
16.42,-4.45,3.00
-14.59,13.21,3.00
-14.03,-3.00,3.00
21.00,11.77,3.00
-31.01,10.28,3.00
-16.58,19.80,3.00
-24.16,-12.45,3.00
-22.46,-15.53,3.00
-6.00,-14.08,3.00
16.29,-4.84,3.00
23.10,5.74,3.00
19.95,-11.52,3.00
-11.08,15.99,3.00
-1.29,-28.20,3.00
12.65,12.91,3.00
3.58,31.10,3.00
-0.14,12.58,3.00
-9.82,30.17,3.00
9.06,7.37,3.00
-5.07,-14.51,3.00
14.78,-17.23,3.00
10.22,29.35,3.00
-2.71,18.80,3.00
-25.50,-9.01,3.00
-16.83,10.55,3.00
3.67,4.18,3.00
-25.16,7.99,3.00
15.70,-6.26,3.00
-4.27,-14.82,3.00
29.82,-0.60,3.00
-23.66,11.39,3.00
28.63,-7.47,3.00
15.79,8.12,3.00
-7.20,-4.32,3.00
22.42,20.82,3.00
20.05,-21.00,3.00
1.88,-3.16,3.00
-11.41,-25.41,3.00
16.42,-4.44,3.00
-20.41,0.17,3.00
25.52,-14.45,3.00
-32.04,6.91,3.00
16.97,-2.39,3.00
20.11,-11.27,3.00
-11.08,-18.36,3.00
2.22,24.94,3.00
15.86,18.58,3.00
-25.40,-9.32,3.00
23.44,3.56,3.00
-17.66,-21.18,3.00
-5.53,18.33,3.00
6.40,-14.79,3.00
-2.43,31.40,3.00
2.57,24.90,3.00
-4.13,5.56,3.00
0.30,12.54,3.00
-19.16,-19.73,3.00
29.82,-0.67,3.00
29.26,6.98,3.00
5.60,-21.53,3.00
-9.28,23.76,3.00
29.78,-1.27,3.00
-25.26,20.15,3.00
11.47,28.84,3.00
-15.73,-14.14,3.00
-26.52,18.57,3.00
-7.83,10.63,3.00
-3.24,31.35,3.00
18.68,15.47,3.00
-3.95,-27.85,3.00
26.53,-12.67,3.00
-15.42,12.34,3.00
12.45,28.39,3.00
16.98,4.33,3.00
10.03,-3.58,3.00
18.04,-22.64,3.00
3.84,31.06,3.00
-12.19,29.38,3.00
-19.42,-7.42,3.00
-17.57,9.41,3.00
17.18,3.08,3.00
20.97,-9.75,3.00
-28.18,16.13,3.00
23.30,4.68,3.00
15.92,-5.76,3.00
2.97,-15.62,3.00
-12.32,29.33,3.00
-16.65,-22.05,3.00
-9.04,-26.44,3.00
-13.35,21.94,3.00
-23.98,10.75,3.00
-7.46,-3.65,3.00
-20.22,2.04,3.00
8.89,-5.48,3.00
-11.84,15.50,3.00
-6.16,-27.37,3.00
5.69,-8.26,3.00
1.81,31.31,3.00
-20.04,3.02,3.00
10.98,-0.13,3.00
9.93,5.86,3.00
-11.80,6.79,3.00
-9.03,-26.45,3.00
-19.78,25.25,3.00
18.53,-22.27,3.00
-14.41,-15.61,3.00
21.37,-19.75,3.00
27.29,13.15,3.00
-0.60,-9.34,3.00
-4.32,18.58,3.00
10.17,-26.77,3.00
16.69,5.61,3.00
-4.17,31.27,3.00
16.52,-4.14,3.00
27.12,-11.47,3.00
-11.69,-17.94,3.00
7.45,30.27,3.00
7.44,16.87,3.00
-7.25,24.37,3.00
3.99,3.74,3.00
29.66,-2.50,3.00
-6.33,3.69,3.00
-26.72,-0.48,3.00
-0.60,25.15,3.00
-13.14,29.00,3.00
-8.56,30.51,3.00
17.23,-0.61,3.00
15.75,8.20,3.00
-25.50,-9.02,3.00
10.13,15.20,3.00
-12.11,-8.41,3.00
-12.93,-6.84,3.00
-3.46,5.87,3.00
19.99,-11.46,3.00
23.52,-0.76,3.00
0.64,-22.01,3.00
-32.25,5.98,3.00
-26.71,-1.85,3.00
0.13,25.13,3.00
10.62,-2.01,3.00
14.78,-17.23,3.00
4.22,-8.92,3.00
23.45,-1.50,3.00
3.90,3.87,3.00
-9.82,9.10,3.00
-24.03,10.65,3.00
-20.96,-17.66,3.00
-19.49,17.18,3.00
17.30,0.53,3.00
2.18,-9.40,3.00
-20.59,-18.12,3.00
21.56,-19.56,3.00
1.80,12.29,3.00
8.81,-27.19,3.00
23.24,-17.67,3.00
6.54,10.05,3.00
23.41,-1.86,3.00
2.85,-2.73,3.00
-25.41,7.26,3.00
20.43,22.90,3.00
19.98,23.32,3.00
-17.25,26.94,3.00
26.33,-13.05,3.00
5.05,-21.64,3.00
23.51,-17.33,3.00
-31.63,8.39,3.00
-20.24,-3.87,3.00
-7.11,2.45,3.00
22.12,9.21,3.00
-19.83,3.97,3.00
-12.04,-8.52,3.00
-15.90,27.70,3.00
1.61,12.33,3.00
-25.94,-7.42,3.00
-13.66,-4.80,3.00
28.77,-6.97,3.00
16.97,4.38,3.00
-12.26,-24.97,3.00
-25.71,6.26,3.00
-3.49,-27.93,3.00
17.30,0.45,3.00
22.72,7.34,3.00
-17.75,9.10,3.00
-10.67,-10.42,3.00
22.00,-7.48,3.00
-4.99,31.18,3.00
-2.86,25.08,3.00
-26.10,4.74,3.00
6.85,23.89,3.00
-7.64,-3.08,3.00
16.51,26.06,3.00
-1.30,12.60,3.00
7.22,-27.60,3.00
14.53,-17.42,3.00
-6.31,-27.33,3.00
19.61,23.65,3.00
-12.92,-24.60,3.00
22.26,21.00,3.00
23.45,-1.55,3.00
11.04,1.04,3.00
-18.53,-9.66,3.00
-5.86,-14.15,3.00
19.73,-21.28,3.00
-13.46,-24.29,3.00
-8.84,23.91,3.00
21.74,-19.37,3.00
-20.05,-4.98,3.00
-20.07,-4.89,3.00
-11.24,-25.49,3.00
14.76,-17.24,3.00
29.86,1.00,3.00
-13.61,2.95,3.00
-13.78,21.69,3.00
-19.50,-7.16,3.00
17.11,-1.58,3.00
17.25,2.35,3.00
10.89,-26.51,3.00
-13.17,14.50,3.00
12.57,-10.80,3.00
-1.48,31.43,3.00
-3.28,-21.59,3.00
13.78,20.30,3.00
-19.73,-6.39,3.00
14.58,-8.27,3.00
9.42,6.80,3.00
-4.09,-7.96,3.00
14.66,27.23,3.00
-12.85,-7.01,3.00
11.78,21.64,3.00
-30.82,10.77,3.00
-13.84,-4.05,3.00
-16.37,19.97,3.00
14.52,-24.88,3.00
8.93,-5.42,3.00
14.94,-17.10,3.00
28.04,-9.26,3.00
-0.38,-28.26,3.00
-20.16,-18.63,3.00
20.95,-20.17,3.00
-10.11,23.45,3.00
-19.28,-7.83,3.00
12.48,-18.81,3.00
10.91,14.58,3.00
-16.93,10.40,3.00
11.27,28.93,3.00
12.93,20.90,3.00
6.33,-7.87,3.00
-22.15,-16.01,3.00
3.79,-28.15,3.00
-13.09,-16.84,3.00
-19.01,6.50,3.00
7.59,9.13,3.00
8.15,23.42,3.00
16.30,6.85,3.00
-8.00,30.64,3.00
23.35,19.69,3.00
-26.02,-7.08,3.00
13.31,27.97,3.00
-28.64,15.36,3.00
-14.21,21.44,3.00
-31.08,10.08,3.00
6.84,23.89,3.00
4.71,17.99,3.00
23.58,0.65,3.00
-8.90,-19.65,3.00
-18.00,18.63,3.00
22.84,-4.86,3.00
8.12,16.50,3.00
-25.29,7.62,3.00
29.67,-2.39,3.00
8.52,-5.94,3.00
0.60,-22.01,3.00
-26.67,-2.62,3.00
3.81,-1.89,3.00
13.38,27.93,3.00
-14.06,-23.91,3.00
13.78,-25.26,3.00
18.03,16.29,3.00
-30.18,12.33,3.00
-13.34,3.76,3.00
-24.65,20.84,3.00
-32.84,2.28,3.00
8.45,-6.03,3.00
-16.17,11.43,3.00
-32.66,3.75,3.00
2.27,-21.98,3.00
29.27,6.92,3.00
7.45,16.86,3.00
21.22,11.33,3.00
19.71,-11.89,3.00
-14.78,13.02,3.00
16.69,17.77,3.00
9.15,-5.12,3.00
9.74,-13.13,3.00
-15.86,11.82,3.00
-28.63,15.37,3.00
9.48,-20.32,3.00
-26.47,18.64,3.00
-5.82,24.69,3.00
-7.33,-4.00,3.00
-25.29,-9.66,3.00
4.20,3.38,3.00
10.26,-26.74,3.00
-0.95,-21.93,3.00
13.99,20.14,3.00
27.46,-10.71,3.00
-1.61,31.43,3.00
-32.08,6.73,3.00
29.42,-4.11,3.00
0.04,-3.15,3.00
-18.12,18.52,3.00
7.09,17.04,3.00
-6.59,-27.25,3.00
-1.64,18.87,3.00
3.47,24.75,3.00
-8.03,30.64,3.00
17.17,-1.15,3.00
5.68,10.66,3.00
20.88,12.01,3.00
-5.81,31.06,3.00
-11.04,-9.96,3.00
17.17,3.19,3.00
-6.49,3.47,3.00
3.99,3.74,3.00
10.27,22.47,3.00
21.75,21.56,3.00
12.22,-18.97,3.00
15.09,-7.44,3.00
-16.92,27.13,3.00
-24.10,10.52,3.00
18.23,24.80,3.00
-3.16,12.42,3.00
9.72,-20.23,3.00
20.96,22.38,3.00
2.23,31.27,3.00
12.65,28.30,3.00
-25.34,7.48,3.00
17.51,-23.02,3.00
-21.17,-17.38,3.00
25.01,17.38,3.00
-26.26,3.94,3.00
-13.09,-6.46,3.00
-26.34,-5.50,3.00
15.99,-16.21,3.00
-2.12,-8.94,3.00
13.15,20.75,3.00
8.76,-20.61,3.00
13.82,27.70,3.00
-24.93,-10.65,3.00
16.63,5.80,3.00
7.62,-14.30,3.00
10.58,4.18,3.00
20.55,-10.52,3.00
-19.43,5.35,3.00
-7.74,24.24,3.00
-3.17,-8.49,3.00
17.28,-0.04,3.00
21.17,11.42,3.00
-19.08,-8.37,3.00
-25.57,6.76,3.00
-19.55,-6.98,3.00
17.84,-14.33,3.00
14.69,-8.10,3.00
1.56,18.70,3.00
3.95,11.58,3.00
22.99,-17.97,3.00
28.39,-8.25,3.00
-7.79,-2.42,3.00
-14.16,-0.53,3.00
29.49,-3.70,3.00
-4.14,31.27,3.00
-20.07,-4.89,3.00
-21.23,-17.31,3.00
-6.55,-13.79,3.00
15.39,26.79,3.00
29.12,7.61,3.00
17.28,0.01,3.00
-15.12,20.86,3.00
6.89,-27.67,3.00
9.49,29.62,3.00
20.17,-11.17,3.00
-6.63,11.29,3.00
6.80,9.84,3.00
15.70,18.72,3.00
-6.58,-5.45,3.00
-24.47,9.71,3.00
-6.24,3.81,3.00
0.86,6.08,3.00
7.03,-7.37,3.00
-20.18,-4.28,3.00
-17.76,-11.17,3.00
21.06,-20.06,3.00
24.79,17.72,3.00
2.46,-28.25,3.00
9.20,29.72,3.00
-6.49,24.55,3.00
-18.40,26.22,3.00
-2.23,31.41,3.00
13.09,-18.43,3.00
22.71,-5.36,3.00
21.29,22.05,3.00
-11.92,-17.77,3.00
-19.30,25.60,3.00
4.86,17.94,3.00
16.87,4.86,3.00
7.00,9.67,3.00
17.11,-1.60,3.00
12.32,21.31,3.00
-31.10,10.03,3.00
2.87,-15.63,3.00
7.96,23.50,3.00
12.12,28.55,3.00
-13.70,21.74,3.00
27.43,12.84,3.00
15.97,-5.65,3.00
6.00,-8.08,3.00
-23.64,21.92,3.00
5.44,10.81,3.00
29.45,-3.94,3.00
-26.30,-5.75,3.00
18.01,24.98,3.00
-25.96,5.32,3.00
2.31,18.58,3.00
-14.60,28.35,3.00
-14.81,-23.42,3.00
12.94,28.15,3.00
29.80,2.86,3.00
-7.32,10.93,3.00
-11.61,-25.31,3.00
-19.30,-19.58,3.00
16.51,-23.70,3.00
29.18,-5.35,3.00
-19.07,25.76,3.00
1.57,-9.46,3.00
21.95,9.64,3.00
23.23,5.09,3.00
-10.97,-25.62,3.00
-32.84,2.27,3.00
-2.85,31.38,3.00
3.00,18.45,3.00
-15.79,11.90,3.00
29.55,5.28,3.00
-20.44,-0.86,3.00
-11.66,15.62,3.00
11.38,-19.43,3.00
12.22,13.36,3.00
13.42,-25.44,3.00
14.92,-17.12,3.00
-14.12,-2.18,3.00
-32.47,4.91,3.00
-16.54,10.95,3.00
0.40,18.82,3.00
11.54,-11.77,3.00
1.72,-22.00,3.00
-13.57,-24.22,3.00
-19.00,17.68,3.00
-10.24,-10.89,3.00
15.96,7.73,3.00
-17.39,19.15,3.00
20.78,22.56,3.00
-5.02,-21.17,3.00
7.16,-14.50,3.00
-10.76,16.19,3.00
-15.08,-23.24,3.00
-10.89,-25.66,3.00
10.70,-12.45,3.00
-12.72,-17.15,3.00
-11.65,-25.29,3.00
-1.01,-28.22,3.00
-4.48,12.12,3.00
-21.41,14.92,3.00
8.40,29.99,3.00
-10.24,23.40,3.00
-2.54,18.81,3.00
11.57,-26.25,3.00
-30.63,11.26,3.00
-1.10,31.43,3.00
15.23,26.89,3.00
-1.81,-1.08,3.00
-10.36,23.35,3.00
16.31,6.80,3.00
29.86,1.57,3.00
17.96,16.37,3.00
4.44,30.96,3.00
17.87,16.47,3.00
5.85,30.67,3.00
13.66,-18.06,3.00
0.53,25.11,3.00
29.86,1.29,3.00
-9.79,-19.16,3.00
-3.25,25.05,3.00
2.09,31.28,3.00
23.27,-2.83,3.00
-14.12,21.49,3.00
-16.85,27.17,3.00
9.78,29.52,3.00
17.34,-23.14,3.00
-5.82,-27.45,3.00
29.62,4.78,3.00
8.16,8.53,3.00
-17.95,-10.83,3.00
8.56,23.26,3.00
20.61,22.73,3.00
-11.62,7.06,3.00
-4.39,-27.77,3.00
-14.29,21.39,3.00
-21.20,15.19,3.00
-19.65,-6.67,3.00
-6.89,30.88,3.00
-4.46,-27.76,3.00
-23.24,-14.24,3.00
9.86,-13.05,3.00
29.86,1.50,3.00
23.49,3.09,3.00
22.00,9.52,3.00
10.30,-2.96,3.00
7.74,-20.96,3.00
18.79,24.36,3.00
-19.58,-19.29,3.00
-6.82,-13.63,3.00
-11.07,23.06,3.00
-20.15,24.98,3.00
22.17,9.07,3.00
-28.24,16.03,3.00
-20.31,-3.35,3.00
6.15,17.46,3.00
26.40,14.99,3.00
16.05,26.37,3.00
-0.46,-15.67,3.00
-1.59,-28.17,3.00
-14.79,21.07,3.00
4.13,31.01,3.00
-12.52,5.61,3.00
19.54,-21.45,3.00
-15.81,-22.70,3.00
28.57,-7.68,3.00
15.17,-16.92,3.00
12.76,-10.59,3.00
8.42,16.33,3.00
-0.97,18.88,3.00
26.30,15.18,3.00
12.58,21.14,3.00
-0.57,25.15,3.00
9.29,15.79,3.00
27.65,12.30,3.00
-8.97,-26.47,3.00
12.23,28.50,3.00
-5.02,11.95,3.00
23.68,19.26,3.00
-5.51,-6.79,3.00
12.71,28.27,3.00
16.06,-5.42,3.00
8.60,29.93,3.00
-18.37,-10.01,3.00
25.63,16.38,3.00
11.48,21.81,3.00
-0.88,25.15,3.00
-31.70,8.16,3.00
-27.21,17.62,3.00
4.45,11.35,3.00
-20.41,-2.22,3.00
17.29,0.30,3.00
13.03,-18.47,3.00
-2.17,12.55,3.00
21.34,11.08,3.00
17.82,25.12,3.00
-19.81,4.04,3.00
-13.76,2.40,3.00
-2.56,18.81,3.00
10.46,-26.67,3.00
11.04,0.74,3.00
6.80,-27.69,3.00
-22.76,12.95,3.00
9.16,-27.09,3.00
4.51,-0.69,3.00
-1.06,-28.22,3.00
-9.43,16.90,3.00
-26.31,3.66,3.00
-4.74,-7.48,3.00
3.18,24.80,3.00
-19.13,25.72,3.00
-9.19,17.02,3.00
18.21,16.06,3.00
-7.63,-20.24,3.00
-3.76,25.00,3.00
3.42,-9.16,3.00
-20.44,-1.01,3.00
18.89,15.20,3.00
10.32,-2.91,3.00
20.15,-11.20,3.00
22.92,-18.05,3.00
10.57,-19.84,3.00
-14.89,-15.11,3.00
13.72,11.62,3.00
-5.62,-6.67,3.00
19.05,-21.85,3.00
23.36,-2.22,3.00
-14.17,-0.75,3.00
2.12,-9.41,3.00
17.42,-23.09,3.00
-13.12,22.06,3.00
1.96,24.98,3.00
2.10,-15.70,3.00
-15.77,20.41,3.00
-15.86,27.72,3.00
1.56,-28.29,3.00
-12.28,22.50,3.00
17.93,25.03,3.00
-32.88,1.78,3.00
18.01,24.97,3.00
-11.06,-9.94,3.00
-13.78,-24.09,3.00
3.34,18.37,3.00
-1.73,-9.07,3.00
7.38,9.33,3.00
19.44,-21.53,3.00
